date,equity,cash,holding,shares,weekly_target
2018-01-02,978.674119199777,11.025309675967,MGLU3,41,MGLU3
2018-01-03,966.471738247396,11.025309675967,MGLU3,41,MGLU3
2018-01-04,989.412214437872,11.025309675967,MGLU3,41,MGLU3
2018-01-05,970.132452533110,11.025309675967,MGLU3,41,MGLU3
2018-01-08,1025.804333942623,0.958733942623,PRIO3,501,PRIO3
2018-01-09,917.087333942623,0.958733942623,PRIO3,501,PRIO3
2018-01-10,904.762733942623,0.958733942623,PRIO3,501,PRIO3
2018-01-11,992.938733942623,0.958733942623,PRIO3,501,PRIO3
2018-01-12,961.876733942623,0.958733942623,PRIO3,501,PRIO3
2018-01-15,952.858733942623,0.958733942623,PRIO3,501,PRIO3
2018-01-16,902.257733942623,0.958733942623,PRIO3,501,PRIO3
2018-01-17,902.758733942623,0.958733942623,PRIO3,501,PRIO3
2018-01-18,872.698733942623,0.958733942623,PRIO3,501,PRIO3
2018-01-19,883.720733942623,0.958733942623,PRIO3,501,PRIO3
2018-01-22,852.658733942623,0.958733942623,PRIO3,501,PRIO3
2018-01-23,867.688733942623,0.958733942623,PRIO3,501,PRIO3
2018-01-24,917.788733942623,0.958733942623,PRIO3,501,PRIO3
2018-01-26,892.538333942623,0.958733942623,PRIO3,501,PRIO3
2018-01-29,871.237398510373,13.957398510373,SANB11,24,SANB11
2018-01-30,869.557398510373,13.957398510373,SANB11,24,SANB11
2018-01-31,874.117398510373,13.957398510373,SANB11,24,SANB11
2018-02-01,892.357398510373,13.957398510373,SANB11,24,SANB11
2018-02-02,887.557398510373,13.957398510373,SANB11,24,SANB11
2018-02-05,852.037398510373,13.957398510373,SANB11,24,SANB11
2018-02-06,882.517398510373,13.957398510373,SANB11,24,SANB11
2018-02-07,865.957398510373,13.957398510373,SANB11,24,SANB11
2018-02-08,861.877398510373,13.957398510373,SANB11,24,SANB11
2018-02-09,848.677398510373,13.957398510373,SANB11,24,SANB11
2018-02-14,892.562441314873,1.490441314873,PRIO3,544,PRIO3
2018-02-15,888.645641314873,1.490441314873,PRIO3,544,PRIO3
2018-02-16,895.282441314873,1.490441314873,PRIO3,544,PRIO3
2018-02-19,913.786446086296,4.673718268101,GOAU4,156,GOAU4
2018-02-20,897.406036576059,4.673718268101,GOAU4,156,GOAU4
2018-02-21,921.976650841415,4.673718268101,GOAU4,156,GOAU4
2018-02-22,919.636592339953,4.673718268101,GOAU4,156,GOAU4
2018-02-23,930.166855596534,4.673718268101,GOAU4,156,GOAU4
2018-02-26,962.927674617010,4.673718268101,GOAU4,156,GOAU4
2018-02-27,940.697118853116,4.673718268101,GOAU4,156,GOAU4
2018-02-28,926.656767844340,4.673718268101,GOAU4,156,GOAU4
2018-03-01,938.357060351653,4.673718268101,GOAU4,156,GOAU4
2018-03-02,916.126504587759,4.673718268101,GOAU4,156,GOAU4
2018-03-05,923.789663896837,16.869663896837,PETR4,41,PETR4
2018-03-06,914.769663896837,16.869663896837,PETR4,41,PETR4
2018-03-07,905.339663896837,16.869663896837,PETR4,41,PETR4
2018-03-08,906.569663896836,16.869663896837,PETR4,41,PETR4
2018-03-09,934.859663896837,16.869663896837,PETR4,41,PETR4
2018-03-12,932.399663896837,16.869663896837,PETR4,41,PETR4
2018-03-13,923.379663896837,16.869663896837,PETR4,41,PETR4
2018-03-14,934.449663896836,16.869663896837,PETR4,41,PETR4
2018-03-15,890.579663896836,16.869663896837,PETR4,41,PETR4
2018-03-16,895.499663896837,16.869663896837,PETR4,41,PETR4
2018-03-19,927.148338938462,9.148338938462,SUZB3,30,SUZB3
2018-03-20,922.648338938462,9.148338938462,SUZB3,30,SUZB3
2018-03-21,962.248338938462,9.148338938462,SUZB3,30,SUZB3
2018-03-22,984.148338938462,9.148338938462,SUZB3,30,SUZB3
2018-03-23,1004.848338938462,9.148338938462,SUZB3,30,SUZB3
2018-03-26,1035.448338938462,9.148338938462,SUZB3,30,SUZB3
2018-03-27,1000.048338938462,9.148338938462,SUZB3,30,SUZB3
2018-03-28,1012.648338938462,9.148338938462,SUZB3,30,SUZB3
2018-03-29,1009.948338938462,9.148338938462,SUZB3,30,SUZB3
2018-04-02,1015.048338938462,9.148338938462,SUZB3,30,SUZB3
2018-04-03,1041.148338938462,9.148338938462,SUZB3,30,SUZB3
2018-04-04,1085.848338938462,9.148338938462,SUZB3,30,SUZB3
2018-04-05,1104.148338938462,9.148338938462,SUZB3,30,SUZB3
2018-04-06,1148.848338938462,9.148338938462,SUZB3,30,SUZB3
2018-04-09,1118.248338938462,9.148338938462,SUZB3,30,SUZB3
2018-04-10,1112.248338938462,9.148338938462,SUZB3,30,SUZB3
2018-04-11,1080.148338938462,9.148338938462,SUZB3,30,SUZB3
2018-04-12,1099.648338938462,9.148338938462,SUZB3,30,SUZB3
2018-04-13,1096.648338938462,9.148338938462,SUZB3,30,SUZB3
2018-04-16,1059.413866355723,0.398985403342,MGLU3,37,MGLU3
2018-04-17,1068.553747308104,0.398985403342,MGLU3,37,MGLU3
2018-04-18,1054.238271117628,0.398985403342,MGLU3,37,MGLU3
2018-04-19,1039.702556831914,0.398985403342,MGLU3,37,MGLU3
2018-04-20,1067.562675879533,0.398985403342,MGLU3,37,MGLU3
2018-04-23,1100.157913974771,0.398985403342,MGLU3,37,MGLU3
2018-04-24,1113.812675879533,0.398985403342,MGLU3,37,MGLU3
2018-04-25,1117.446604450961,0.398985403342,MGLU3,37,MGLU3
2018-04-26,1151.143033022390,0.398985403342,MGLU3,37,MGLU3
2018-04-27,1159.952556831914,0.398985403342,MGLU3,37,MGLU3
2018-04-30,1170.347652681021,20.667652681021,SUZB3,28,SUZB3
2018-05-02,1209.267652681021,20.667652681021,SUZB3,28,SUZB3
2018-05-03,1163.627652681021,20.667652681021,SUZB3,28,SUZB3
2018-05-04,1136.467652681021,20.667652681021,SUZB3,28,SUZB3
2018-05-07,1124.707652681021,20.667652681021,SUZB3,28,SUZB3
2018-05-08,1140.107652681020,20.667652681021,SUZB3,28,SUZB3
2018-05-09,1220.467652681021,20.667652681021,SUZB3,28,SUZB3
2018-05-10,1197.227652681021,20.667652681021,SUZB3,28,SUZB3
2018-05-11,1227.467652681021,20.667652681021,SUZB3,28,SUZB3
2018-05-14,1287.667652681021,20.667652681021,SUZB3,28,SUZB3
2018-05-15,1308.387652681021,20.667652681021,SUZB3,28,SUZB3
2018-05-16,1266.387652681021,20.667652681021,SUZB3,28,SUZB3
2018-05-17,1264.427652681021,20.667652681021,SUZB3,28,SUZB3
2018-05-18,1313.987652681021,20.667652681021,SUZB3,28,SUZB3
2018-05-21,1246.598453571396,27.598453571396,VALE3,23,VALE3
2018-05-22,1231.418453571396,27.598453571396,VALE3,23,VALE3
2018-05-23,1222.218453571396,27.598453571396,VALE3,23,VALE3
2018-05-24,1234.178453571396,27.598453571396,VALE3,23,VALE3
2018-05-25,1211.638453571396,27.598453571396,VALE3,23,VALE3
2018-05-28,1137.219447452825,12.219447452825,MGLU3,36,MGLU3
2018-05-29,1131.755161738539,12.219447452825,MGLU3,36,MGLU3
2018-05-30,1173.862304595682,12.219447452825,MGLU3,36,MGLU3
2018-06-01,1249.398018881397,12.219447452825,MGLU3,36,MGLU3
2018-06-04,1282.450588881470,263.450589085270,IRBR3,2,IRBR3
2018-06-05,1266.450588884670,263.450589085270,IRBR3,2,IRBR3
2018-06-06,1286.250588880710,263.450589085270,IRBR3,2,IRBR3
2018-06-07,1290.250588879910,263.450589085270,IRBR3,2,IRBR3
2018-06-08,1291.050588879750,263.450589085270,IRBR3,2,IRBR3
2018-06-11,1297.560393928448,1297.560393928448,CASH,0,CASH
2018-06-12,1297.560393928448,1297.560393928448,CASH,0,CASH
2018-06-13,1297.560393928448,1297.560393928448,CASH,0,CASH
2018-06-14,1297.560393928448,1297.560393928448,CASH,0,CASH
2018-06-15,1297.560393928448,1297.560393928448,CASH,0,CASH
2018-06-18,1288.601775499877,26.673204071305,MGLU3,36,MGLU3
2018-06-19,1351.601775499877,26.673204071305,MGLU3,36,MGLU3
2018-06-20,1330.494632642734,26.673204071305,MGLU3,36,MGLU3
2018-06-21,1329.637489785591,26.673204071305,MGLU3,36,MGLU3
2018-06-22,1342.494632642734,26.673204071305,MGLU3,36,MGLU3
2018-06-25,1330.022095049787,9.542095049787,VALE3,28,VALE3
2018-06-26,1363.062095049787,9.542095049787,VALE3,28,VALE3
2018-06-27,1357.742095049787,9.542095049787,VALE3,28,VALE3
2018-06-28,1383.502095049787,9.542095049787,VALE3,28,VALE3
2018-06-29,1398.062095049787,9.542095049787,VALE3,28,VALE3
2018-07-02,1354.512319005430,10.619461862572,MGLU3,36,MGLU3
2018-07-03,1344.869461862573,10.619461862572,MGLU3,36,MGLU3
2018-07-04,1342.940890434001,10.619461862572,MGLU3,36,MGLU3
2018-07-05,1296.333747576858,10.619461862572,MGLU3,36,MGLU3
2018-07-06,1314.548033291144,10.619461862572,MGLU3,36,MGLU3
2018-07-10,1326.072157889358,1326.072157889358,CASH,0,CASH
2018-07-11,1326.072157889358,1326.072157889358,CASH,0,CASH
2018-07-12,1326.072157889358,1326.072157889358,CASH,0,CASH
2018-07-13,1326.072157889358,1326.072157889358,CASH,0,CASH
2018-07-16,1341.801205545608,11.176205545608,MGLU3,35,MGLU3
2018-07-17,1386.176205545608,11.176205545608,MGLU3,35,MGLU3
2018-07-18,1333.572038878941,11.176205545608,MGLU3,35,MGLU3
2018-07-19,1354.613705545608,11.176205545608,MGLU3,35,MGLU3
2018-07-20,1375.447038878941,11.176205545608,MGLU3,35,MGLU3
2018-07-23,1351.419163367759,8.319615856447,RADL3,93,RADL3
2018-07-24,1353.172557032917,8.319615856447,RADL3,93,RADL3
2018-07-25,1346.158982372284,8.319615856447,RADL3,93,RADL3
2018-07-26,1323.364864725225,8.319615856447,RADL3,93,RADL3
2018-07-27,1323.364864725225,8.319615856447,RADL3,93,RADL3
2018-07-30,1331.158759474276,15.682568998086,MGLU3,34,MGLU3
2018-07-31,1354.027807093324,15.682568998086,MGLU3,34,MGLU3
2018-08-01,1374.265902331419,15.682568998086,MGLU3,34,MGLU3
2018-08-02,1400.474235664752,15.682568998086,MGLU3,34,MGLU3
2018-08-03,1401.587330902848,15.682568998086,MGLU3,34,MGLU3
2018-08-06,1412.111140426657,15.682568998086,MGLU3,34,MGLU3
2018-08-07,1492.051616617134,15.682568998086,MGLU3,34,MGLU3
2018-08-08,1432.652807093324,15.682568998086,MGLU3,34,MGLU3
2018-08-09,1503.081378521895,15.682568998086,MGLU3,34,MGLU3
2018-08-10,1422.533759474276,15.682568998086,MGLU3,34,MGLU3
2018-08-13,1415.295607913041,29.045607913041,BRKM5,25,BRKM5
2018-08-14,1453.795607913041,29.045607913041,BRKM5,25,BRKM5
2018-08-15,1442.545607913041,29.045607913041,BRKM5,25,BRKM5
2018-08-16,1452.795607913041,29.045607913041,BRKM5,25,BRKM5
2018-08-17,1439.045607913041,29.045607913041,BRKM5,25,BRKM5
2018-08-20,1467.603874655229,26.249707988563,MGLU3,35,MGLU3
2018-08-21,1405.833041321896,26.249707988563,MGLU3,35,MGLU3
2018-08-22,1424.583041321896,26.249707988563,MGLU3,35,MGLU3
2018-08-23,1409.270541321896,26.249707988563,MGLU3,35,MGLU3
2018-08-24,1401.249707988562,26.249707988563,MGLU3,35,MGLU3
2018-08-27,1403.635677617563,1.367677617562,PRIO3,821,PRIO3
2018-08-28,1405.934477617563,1.367677617562,PRIO3,821,PRIO3
2018-08-29,1506.096477617563,1.367677617562,PRIO3,821,PRIO3
2018-08-30,1536.966077617563,1.367677617562,PRIO3,821,PRIO3
2018-08-31,1553.550277617563,1.367677617562,PRIO3,821,PRIO3
2018-09-03,1544.552579579165,15.752579579165,TUPY3,65,TUPY3
2018-09-04,1509.452579579165,15.752579579165,TUPY3,65,TUPY3
2018-09-05,1510.752579579165,15.752579579165,TUPY3,65,TUPY3
2018-09-06,1499.702579579165,15.752579579165,TUPY3,65,TUPY3
2018-09-10,1485.901698863518,186.101699123478,IRBR3,2,IRBR3
2018-09-11,1462.501698868198,186.101699123478,IRBR3,2,IRBR3
2018-09-12,1449.101698870878,186.101699123478,IRBR3,2,IRBR3
2018-09-13,1440.301698872638,186.101699123478,IRBR3,2,IRBR3
2018-09-14,1446.101698871478,186.101699123478,IRBR3,2,IRBR3
2018-09-17,1446.101698871478,186.101699123478,IRBR3,2,IRBR3
2018-09-18,1419.701698876758,186.101699123478,IRBR3,2,IRBR3
2018-09-19,1432.501698874198,186.101699123478,IRBR3,2,IRBR3
2018-09-20,1444.701698871758,186.101699123478,IRBR3,2,IRBR3
2018-09-21,1452.101698870278,186.101699123478,IRBR3,2,IRBR3
2018-09-24,1472.944713365512,21.441647185473,BRAP4,46,BRAP4
2018-09-25,1582.092530912159,21.441647185473,BRAP4,46,BRAP4
2018-09-26,1564.987275923505,21.441647185473,BRAP4,46,BRAP4
2018-09-27,1524.667746307393,21.441647185473,BRAP4,46,BRAP4
2018-09-28,1531.184033922118,21.441647185473,BRAP4,46,BRAP4
2018-10-01,1513.707310117968,193.707310381968,IRBR3,2,IRBR3
2018-10-02,1538.707310112968,193.707310381968,IRBR3,2,IRBR3
2018-10-03,1492.707310122168,193.707310381968,IRBR3,2,IRBR3
2018-10-04,1473.707310125968,193.707310381968,IRBR3,2,IRBR3
2018-10-05,1472.507310126208,193.707310381968,IRBR3,2,IRBR3
2018-10-08,1424.707310135768,193.707310381968,IRBR3,2,IRBR3
2018-10-09,1405.707310139568,193.707310381968,IRBR3,2,IRBR3
2018-10-10,1426.307310135448,193.707310381968,IRBR3,2,IRBR3
2018-10-11,1458.107310129088,193.707310381968,IRBR3,2,IRBR3
2018-10-15,1426.659235464620,3.833777815266,CMIG4,271,CMIG4
2018-10-16,1480.533209103770,3.833777815266,CMIG4,271,CMIG4
2018-10-17,1468.100753648582,3.833777815266,CMIG4,271,CMIG4
2018-10-18,1434.947539101412,3.833777815266,CMIG4,271,CMIG4
2018-10-19,1461.193833951255,3.833777815266,CMIG4,271,CMIG4
2018-10-22,1461.193833951255,3.833777815266,CMIG4,271,CMIG4
2018-10-23,1481.914593043236,3.833777815266,CMIG4,271,CMIG4
2018-10-24,1459.812450011789,3.833777815266,CMIG4,271,CMIG4
2018-10-25,1563.416245471694,3.833777815266,CMIG4,271,CMIG4
2018-10-26,1668.401424871064,3.833777815266,CMIG4,271,CMIG4
2018-10-29,1658.137157844828,1.869157844828,PRIO3,722,PRIO3
2018-10-30,1687.017157844828,1.869157844828,PRIO3,722,PRIO3
2018-10-31,1720.229157844828,1.869157844828,PRIO3,722,PRIO3
2018-11-01,1731.781157844828,1.869157844828,PRIO3,722,PRIO3
2018-11-05,1773.327456785519,27.407456785518,PETR4,62,PETR4
2018-11-06,1713.187456785518,27.407456785518,PETR4,62,PETR4
2018-11-07,1658.007456785519,27.407456785518,PETR4,62,PETR4
2018-11-08,1599.107456785518,27.407456785518,PETR4,62,PETR4
2018-11-09,1605.927456785518,27.407456785518,PETR4,62,PETR4
2018-11-12,1598.675446666033,3.671440281395,CMIG4,274,CMIG4
2018-11-13,1587.502038565266,3.671440281395,CMIG4,274,CMIG4
2018-11-14,1598.675446666033,3.671440281395,CMIG4,274,CMIG4
2018-11-16,1647.559107106894,3.671440281395,CMIG4,274,CMIG4
2018-11-19,1630.798994955742,3.671440281395,CMIG4,274,CMIG4
2018-11-21,1622.418938880166,3.671440281395,CMIG4,274,CMIG4
2018-11-22,1710.409527673714,3.671440281395,CMIG4,274,CMIG4
2018-11-23,1721.582935774482,3.671440281395,CMIG4,274,CMIG4
2018-11-26,1693.649415522562,3.671440281395,CMIG4,274,CMIG4
2018-11-27,1736.946371913038,3.671440281395,CMIG4,274,CMIG4
2018-11-28,1745.326427988614,3.671440281395,CMIG4,274,CMIG4
2018-11-29,1767.673244190150,3.671440281395,CMIG4,274,CMIG4
2018-11-30,1778.846652290918,3.671440281395,CMIG4,274,CMIG4
2018-12-03,1750.973472020625,1.073472020625,JHSF3,921,JHSF3
2018-12-04,1704.923472020625,1.073472020625,JHSF3,921,JHSF3
2018-12-05,1769.393472020625,1.073472020625,JHSF3,921,JHSF3
2018-12-06,1769.393472020625,1.073472020625,JHSF3,921,JHSF3
2018-12-07,1879.913472020625,1.073472020625,JHSF3,921,JHSF3
2018-12-10,1833.863472020625,1.073472020625,JHSF3,921,JHSF3
2018-12-11,1797.023472020625,1.073472020625,JHSF3,921,JHSF3
2018-12-12,1797.023472020625,1.073472020625,JHSF3,921,JHSF3
2018-12-13,1797.023472020625,1.073472020625,JHSF3,921,JHSF3
2018-12-14,1843.073472020625,1.073472020625,JHSF3,921,JHSF3
2018-12-17,1815.443472020625,1.073472020625,JHSF3,921,JHSF3
2018-12-18,1833.863472020625,1.073472020625,JHSF3,921,JHSF3
2018-12-19,1797.023472020625,1.073472020625,JHSF3,921,JHSF3
2018-12-20,1741.763472020625,1.073472020625,JHSF3,921,JHSF3
2018-12-21,1622.033472020625,1.073472020625,JHSF3,921,JHSF3
2018-12-26,1677.293472020625,1.073472020625,JHSF3,921,JHSF3
2018-12-27,1732.553472020625,1.073472020625,JHSF3,921,JHSF3
2018-12-28,1769.393472020625,1.073472020625,JHSF3,921,JHSF3
2019-01-02,1843.073472020625,1.073472020625,JHSF3,921,JHSF3
2019-01-03,1824.653472020625,1.073472020625,JHSF3,921,JHSF3
2019-01-04,1787.813472020625,1.073472020625,JHSF3,921,JHSF3
2019-01-07,1767.518035355016,2.374963729220,SBSP3,246,SBSP3
2019-01-08,1774.196955085492,2.374963729220,SBSP3,246,SBSP3
2019-01-09,1796.141977057056,2.374963729220,SBSP3,246,SBSP3
2019-01-10,1807.114488042838,2.374963729220,SBSP3,246,SBSP3
2019-01-11,1886.307393418482,2.374963729220,SBSP3,246,SBSP3
2019-01-14,1986.968255070656,2.374963729220,SBSP3,246,SBSP3
2019-01-15,1986.968255070656,2.374963729220,SBSP3,246,SBSP3
2019-01-16,1947.371802382834,2.374963729220,SBSP3,246,SBSP3
2019-01-17,1966.931495879228,2.374963729220,SBSP3,246,SBSP3
2019-01-18,1942.601145432494,2.374963729220,SBSP3,246,SBSP3
2019-01-21,1982.674663815350,2.374963729220,SBSP3,246,SBSP3
2019-01-22,1975.995744084874,2.374963729220,SBSP3,246,SBSP3
2019-01-23,2013.206868297526,2.374963729220,SBSP3,246,SBSP3
2019-01-24,2062.344634886028,2.374963729220,SBSP3,246,SBSP3
2019-01-28,2091.445642283101,2.374963729220,SBSP3,246,SBSP3
2019-01-29,2120.546649680176,2.374963729220,SBSP3,246,SBSP3
2019-01-30,2054.234518070450,2.374963729220,SBSP3,246,SBSP3
2019-01-31,2071.408883091673,2.374963729220,SBSP3,246,SBSP3
2019-02-01,2112.436532864597,2.374963729220,SBSP3,246,SBSP3
2019-02-04,2082.858459772489,2.374963729220,SBSP3,246,SBSP3
2019-02-05,2056.619846545620,2.374963729220,SBSP3,246,SBSP3
2019-02-06,1963.592036013990,2.374963729220,SBSP3,246,SBSP3
2019-02-07,1899.665232879434,2.374963729220,SBSP3,246,SBSP3
2019-02-08,2015.115131077662,2.374963729220,SBSP3,246,SBSP3
2019-02-11,1988.396138738791,5.767567310220,EGIE3,64,EGIE3
2019-02-12,2004.396138738791,5.767567310220,EGIE3,64,EGIE3
2019-02-13,1972.396138738792,5.767567310220,EGIE3,64,EGIE3
2019-02-14,1998.453281595935,5.767567310220,EGIE3,64,EGIE3
2019-02-15,1979.710424453077,5.767567310220,EGIE3,64,EGIE3
2019-02-18,1962.929868031247,1.483868031247,PRIO3,727,PRIO3
2019-02-19,1973.544068031247,1.483868031247,PRIO3,727,PRIO3
2019-02-20,2008.003868031246,1.483868031247,PRIO3,727,PRIO3
2019-02-21,2017.454868031247,1.483868031247,PRIO3,727,PRIO3
2019-02-22,2075.033268031247,1.483868031247,PRIO3,727,PRIO3
2019-02-25,2079.249868031247,1.483868031247,PRIO3,727,PRIO3
2019-02-26,2063.255868031247,1.483868031247,PRIO3,727,PRIO3
2019-02-27,2217.961468031247,1.483868031247,PRIO3,727,PRIO3
2019-02-28,2196.733068031247,1.483868031247,PRIO3,727,PRIO3
2019-03-01,2444.203868031247,1.483868031247,PRIO3,727,PRIO3
2019-03-06,2477.645868031247,1.483868031247,PRIO3,727,PRIO3
2019-03-07,2636.131868031247,1.483868031247,PRIO3,727,PRIO3
2019-03-08,2545.983868031247,1.483868031247,PRIO3,727,PRIO3
2019-03-11,2649.217868031247,1.483868031247,PRIO3,727,PRIO3
2019-03-12,2560.523868031247,1.483868031247,PRIO3,727,PRIO3
2019-03-13,2596.873868031247,1.483868031247,PRIO3,727,PRIO3
2019-03-14,2700.107868031247,1.483868031247,PRIO3,727,PRIO3
2019-03-15,2913.845868031247,1.483868031247,PRIO3,727,PRIO3
2019-03-18,2953.103868031247,1.483868031247,PRIO3,727,PRIO3
2019-03-19,2836.783868031247,1.483868031247,PRIO3,727,PRIO3
2019-03-20,2948.741868031247,1.483868031247,PRIO3,727,PRIO3
2019-03-21,2982.183868031247,1.483868031247,PRIO3,727,PRIO3
2019-03-22,2880.403868031247,1.483868031247,PRIO3,727,PRIO3
2019-03-25,2807.703868031247,1.483868031247,PRIO3,727,PRIO3
2019-03-26,2854.231868031247,1.483868031247,PRIO3,727,PRIO3
2019-03-27,2800.433868031247,1.483868031247,PRIO3,727,PRIO3
2019-03-28,2762.629868031247,1.483868031247,PRIO3,727,PRIO3
2019-03-29,2749.543868031247,1.483868031247,PRIO3,727,PRIO3
2019-04-01,2787.027682713923,12.147682713923,CSNA3,164,CSNA3
2019-04-02,2780.467682713922,12.147682713923,CSNA3,164,CSNA3
2019-04-03,2821.467682713922,12.147682713923,CSNA3,164,CSNA3
2019-04-04,2796.867682713923,12.147682713923,CSNA3,164,CSNA3
2019-04-05,2768.987682713922,12.147682713923,CSNA3,164,CSNA3
2019-04-08,2824.747682713923,12.147682713923,CSNA3,164,CSNA3
2019-04-09,2754.227682713923,12.147682713923,CSNA3,164,CSNA3
2019-04-10,2654.187682713923,12.147682713923,CSNA3,164,CSNA3
2019-04-11,2570.547682713923,12.147682713923,CSNA3,164,CSNA3
2019-04-12,2660.747682713923,12.147682713923,CSNA3,164,CSNA3
2019-04-15,2672.227682713923,12.147682713923,CSNA3,164,CSNA3
2019-04-16,2573.827682713923,12.147682713923,CSNA3,164,CSNA3
2019-04-17,2529.547682713923,12.147682713923,CSNA3,164,CSNA3
2019-04-18,2516.427682713922,12.147682713923,CSNA3,164,CSNA3
2019-04-22,2449.187682713923,12.147682713923,CSNA3,164,CSNA3
2019-04-23,2503.307682713923,12.147682713923,CSNA3,164,CSNA3
2019-04-24,2431.147682713923,12.147682713923,CSNA3,164,CSNA3
2019-04-25,2391.787682713923,12.147682713923,CSNA3,164,CSNA3
2019-04-26,2444.267682713923,12.147682713923,CSNA3,164,CSNA3
2019-04-29,2521.465797835968,2.983632882520,SBSP3,273,SBSP3
2019-04-30,2491.288483687903,2.983632882520,SBSP3,273,SBSP3
2019-05-02,2456.346330463829,2.983632882520,SBSP3,273,SBSP3
2019-05-03,2475.405686767869,2.983632882520,SBSP3,273,SBSP3
2019-05-06,2452.478556922130,13.178556922131,TAEE11,94,TAEE11
2019-05-07,2463.758556922131,13.178556922131,TAEE11,94,TAEE11
2019-05-08,2493.838556922130,13.178556922131,TAEE11,94,TAEE11
2019-05-09,2489.138556922131,13.178556922131,TAEE11,94,TAEE11
2019-05-10,2456.238556922131,13.178556922131,TAEE11,94,TAEE11
2019-05-13,2450.294094397132,0.622665825703,EGIE3,81,EGIE3
2019-05-14,2419.051237254274,0.622665825703,EGIE3,81,EGIE3
2019-05-15,2430.622665825703,0.622665825703,EGIE3,81,EGIE3
2019-05-16,2405.165522968560,0.622665825703,EGIE3,81,EGIE3
2019-05-17,2329.372665825703,0.622665825703,EGIE3,81,EGIE3
2019-05-20,2337.829180332221,2337.829180332221,CASH,0,CASH
2019-05-21,2337.829180332221,2337.829180332221,CASH,0,CASH
2019-05-22,2337.829180332221,2337.829180332221,CASH,0,CASH
2019-05-23,2337.829180332221,2337.829180332221,CASH,0,CASH
2019-05-24,2337.829180332221,2337.829180332221,CASH,0,CASH
2019-05-27,2428.644309332221,14.394309332221,MRVE3,145,MRVE3
2019-05-28,2490.994309332221,14.394309332221,MRVE3,145,MRVE3
2019-05-29,2479.394309332221,14.394309332221,MRVE3,145,MRVE3
2019-05-30,2450.394309332221,14.394309332221,MRVE3,145,MRVE3
2019-05-31,2508.394309332221,14.394309332221,MRVE3,145,MRVE3
2019-06-03,2414.144309332221,14.394309332221,MRVE3,145,MRVE3
2019-06-04,2450.394309332221,14.394309332221,MRVE3,145,MRVE3
2019-06-05,2454.744309332221,14.394309332221,MRVE3,145,MRVE3
2019-06-06,2551.894309332221,14.394309332221,MRVE3,145,MRVE3
2019-06-07,2544.644309332221,14.394309332221,MRVE3,145,MRVE3
2019-06-10,2573.498484708221,17.858484708222,QUAL3,124,QUAL3
2019-06-11,2547.458484708221,17.858484708222,QUAL3,124,QUAL3
2019-06-12,2616.898484708222,17.858484708222,QUAL3,124,QUAL3
2019-06-13,2670.218484708222,17.858484708222,QUAL3,124,QUAL3
2019-06-14,2732.218484708222,17.858484708222,QUAL3,124,QUAL3
2019-06-17,2646.208622439846,52.458622439846,MGLU3,42,MGLU3
2019-06-18,2653.708622439846,52.458622439846,MGLU3,42,MGLU3
2019-06-19,2677.458622439846,52.458622439846,MGLU3,42,MGLU3
2019-06-21,2710.583622439846,52.458622439846,MGLU3,42,MGLU3
2019-06-24,2725.338518954861,18.521473523166,RENT3,71,RENT3
2019-06-25,2641.991734779914,18.521473523166,RENT3,71,RENT3
2019-06-26,2645.247468536748,18.521473523166,RENT3,71,RENT3
2019-06-27,2640.689441277180,18.521473523166,RENT3,71,RENT3
2019-06-28,2686.920860624221,18.521473523166,RENT3,71,RENT3
2019-07-01,2654.714790712463,27.214790712463,MGLU3,42,MGLU3
2019-07-02,2682.964790712463,27.214790712463,MGLU3,42,MGLU3
2019-07-03,2787.839790712463,27.214790712463,MGLU3,42,MGLU3
2019-07-04,2790.964790712463,27.214790712463,MGLU3,42,MGLU3
2019-07-05,2853.214790712464,27.214790712463,MGLU3,42,MGLU3
2019-07-08,2911.271826706652,10.111826706651,QUAL3,122,QUAL3
2019-07-10,2864.911826706651,10.111826706651,QUAL3,122,QUAL3
2019-07-11,2879.551826706651,10.111826706651,QUAL3,122,QUAL3
2019-07-12,2810.011826706651,10.111826706651,QUAL3,122,QUAL3
2019-07-15,2764.749115347777,9.139115347777,MRVE3,143,MRVE3
2019-07-16,2804.789115347777,9.139115347777,MRVE3,143,MRVE3
2019-07-17,2771.899115347777,9.139115347777,MRVE3,143,MRVE3
2019-07-18,2850.549115347777,9.139115347777,MRVE3,143,MRVE3
2019-07-19,2728.999115347777,9.139115347777,MRVE3,143,MRVE3
2019-07-22,2671.207769487902,1.767769487902,JHSF3,776,JHSF3
2019-07-23,2911.767769487902,1.767769487902,JHSF3,776,JHSF3
2019-07-24,2872.967769487902,1.767769487902,JHSF3,776,JHSF3
2019-07-25,2872.967769487902,1.767769487902,JHSF3,776,JHSF3
2019-07-26,2818.647769487902,1.767769487902,JHSF3,776,JHSF3
2019-07-29,2966.087769487902,1.767769487902,JHSF3,776,JHSF3
2019-07-30,2935.047769487902,1.767769487902,JHSF3,776,JHSF3
2019-07-31,2966.087769487902,1.767769487902,JHSF3,776,JHSF3
2019-08-01,2904.007769487902,1.767769487902,JHSF3,776,JHSF3
2019-08-02,2958.327769487902,1.767769487902,JHSF3,776,JHSF3
2019-08-05,2872.844429444901,79.987286587759,MGLU3,34,MGLU3
2019-08-06,3042.844429444901,79.987286587759,MGLU3,34,MGLU3
2019-08-07,3019.368238968711,79.987286587759,MGLU3,34,MGLU3
2019-08-08,3086.558715159187,79.987286587759,MGLU3,34,MGLU3
2019-08-09,3138.368238968711,79.987286587759,MGLU3,34,MGLU3
2019-08-12,3028.273000873473,79.987286587759,MGLU3,34,MGLU3
2019-08-13,3144.034905635378,79.987286587759,MGLU3,34,MGLU3
2019-08-14,3071.177762778235,79.987286587759,MGLU3,34,MGLU3
2019-08-15,3019.368238968711,79.987286587759,MGLU3,34,MGLU3
2019-08-16,3120.558715159187,79.987286587759,MGLU3,34,MGLU3
2019-08-19,3142.415858016330,79.987286587759,MGLU3,34,MGLU3
2019-08-20,3037.177762778235,79.987286587759,MGLU3,34,MGLU3
2019-08-21,3037.987286587759,79.987286587759,MGLU3,34,MGLU3
2019-08-22,2867.177762778235,79.987286587759,MGLU3,34,MGLU3
2019-08-23,2814.558715159187,79.987286587759,MGLU3,34,MGLU3
2019-08-26,2780.066650459545,29.206650459545,QUAL3,98,QUAL3
2019-08-27,2860.426650459545,29.206650459545,QUAL3,98,QUAL3
2019-08-28,2891.786650459544,29.206650459545,QUAL3,98,QUAL3
2019-08-29,2893.746650459545,29.206650459545,QUAL3,98,QUAL3
2019-08-30,2831.026650459545,29.206650459545,QUAL3,98,QUAL3
2019-09-02,2834.403144311962,38.599099887142,RENT3,65,RENT3
2019-09-03,2814.135055290545,38.599099887142,RENT3,65,RENT3
2019-09-04,2851.094511741363,38.599099887142,RENT3,65,RENT3
2019-09-05,2855.267353598714,38.599099887142,RENT3,65,RENT3
2019-09-06,2830.230302454611,38.599099887142,RENT3,65,RENT3
2019-09-09,2813.884181822386,5.724302486036,RADL3,164,RADL3
2019-09-10,2865.829883179852,5.724302486036,RADL3,164,RADL3
2019-09-11,2926.124000826911,5.724302486036,RADL3,164,RADL3
2019-09-12,2900.460350751496,5.724302486036,RADL3,164,RADL3
2019-09-13,2868.921889213035,5.724302486036,RADL3,164,RADL3
2019-09-16,2869.849491022989,5.724302486036,RADL3,164,RADL3
2019-09-17,2914.374377900817,5.724302486036,RADL3,164,RADL3
2019-09-18,2855.317062667032,5.724302486036,RADL3,164,RADL3
2019-09-19,2883.145116965674,5.724302486036,RADL3,164,RADL3
2019-09-20,2900.151150148178,5.724302486036,RADL3,164,RADL3
2019-09-23,2856.166285097721,10.366285097722,HYPE3,85,HYPE3
2019-09-24,2831.516285097721,10.366285097722,HYPE3,85,HYPE3
2019-09-25,2844.266285097722,10.366285097722,HYPE3,85,HYPE3
2019-09-26,2866.366285097722,10.366285097722,HYPE3,85,HYPE3
2019-09-27,2866.366285097722,10.366285097722,HYPE3,85,HYPE3
2019-09-30,2937.197582864222,13.797582864222,QUAL3,94,QUAL3
2019-10-01,2926.857582864222,13.797582864222,QUAL3,94,QUAL3
2019-10-02,2906.177582864222,13.797582864222,QUAL3,94,QUAL3
2019-10-03,2878.917582864222,13.797582864222,QUAL3,94,QUAL3
2019-10-04,2890.197582864222,13.797582864222,QUAL3,94,QUAL3
2019-10-07,2805.597582864222,13.797582864222,QUAL3,94,QUAL3
2019-10-08,2852.597582864222,13.797582864222,QUAL3,94,QUAL3
2019-10-09,2924.977582864222,13.797582864222,QUAL3,94,QUAL3
2019-10-10,2864.817582864222,13.797582864222,QUAL3,94,QUAL3
2019-10-11,3031.197582864222,13.797582864222,QUAL3,94,QUAL3
2019-10-14,3013.908087679497,3.745945899709,RADL3,158,RADL3
2019-10-15,3015.993306382363,3.745945899709,RADL3,158,RADL3
2019-10-16,3068.421662340131,3.745945899709,RADL3,158,RADL3
2019-10-17,3025.823623124445,3.745945899709,RADL3,158,RADL3
2019-10-18,3090.763291299407,3.745945899709,RADL3,158,RADL3
2019-10-21,3147.957861435153,3.745945899709,RADL3,158,RADL3
2019-10-22,3167.618494919316,3.745945899709,RADL3,158,RADL3
2019-10-23,3083.316081646315,3.745945899709,RADL3,158,RADL3
2019-10-24,3146.468419504536,3.745945899709,RADL3,158,RADL3
2019-10-25,3192.641119353706,3.745945899709,RADL3,158,RADL3
2019-10-28,3164.929481407487,4.359481407487,UGPA3,163,UGPA3
2019-10-29,3099.729481407487,4.359481407487,UGPA3,163,UGPA3
2019-10-30,3101.359481407487,4.359481407487,UGPA3,163,UGPA3
2019-10-31,3080.169481407487,4.359481407487,UGPA3,163,UGPA3
2019-11-01,3166.559481407487,4.359481407487,UGPA3,163,UGPA3
2019-11-04,3152.995292641525,20.491521902460,RADL3,146,RADL3
2019-11-05,3100.419877860228,20.491521902460,RADL3,146,RADL3
2019-11-06,3121.064674240318,20.491521902460,RADL3,146,RADL3
2019-11-07,3104.824101087980,20.491521902460,RADL3,146,RADL3
2019-11-08,3089.684583742580,20.491521902460,RADL3,146,RADL3
2019-11-11,3103.447781329307,20.491521902460,RADL3,146,RADL3
2019-11-12,3048.119727030665,20.491521902460,RADL3,146,RADL3
2019-11-13,3006.830134270484,20.491521902460,RADL3,146,RADL3
2019-11-14,3108.953060363999,20.491521902460,RADL3,146,RADL3
2019-11-18,3085.555624466562,20.491521902460,RADL3,146,RADL3
2019-11-19,3097.942502294617,20.491521902460,RADL3,146,RADL3
2019-11-21,3122.716257950726,20.491521902460,RADL3,146,RADL3
2019-11-22,3151.618972882852,20.491521902460,RADL3,146,RADL3
2019-11-25,3097.710735610837,1.510735610836,JHSF3,548,JHSF3
2019-11-26,3097.710735610837,1.510735610836,JHSF3,548,JHSF3
2019-11-27,3070.310735610836,1.510735610836,JHSF3,548,JHSF3
2019-11-28,3059.350735610837,1.510735610836,JHSF3,548,JHSF3
2019-11-29,3108.670735610836,1.510735610836,JHSF3,548,JHSF3
2019-12-02,3106.433260843462,15.033260843462,WEGE3,205,WEGE3
2019-12-03,3162.808260843462,15.033260843462,WEGE3,205,WEGE3
2019-12-04,3276.583260843462,15.033260843462,WEGE3,205,WEGE3
2019-12-05,3373.958260843462,15.033260843462,WEGE3,205,WEGE3
2019-12-06,3370.883260843462,15.033260843462,WEGE3,205,WEGE3
2019-12-09,3329.860794510337,4.720794510337,JHSF3,522,JHSF3
2019-12-10,3303.760794510337,4.720794510337,JHSF3,522,JHSF3
2019-12-11,3413.380794510338,4.720794510337,JHSF3,522,JHSF3
2019-12-12,3470.800794510337,4.720794510337,JHSF3,522,JHSF3
2019-12-13,3507.340794510337,4.720794510337,JHSF3,522,JHSF3
2019-12-16,3467.021216650839,0.167216650839,PRIO3,589,PRIO3
2019-12-17,3522.387216650839,0.167216650839,PRIO3,589,PRIO3
2019-12-18,3489.403216650839,0.167216650839,PRIO3,589,PRIO3
2019-12-19,3534.167216650839,0.167216650839,PRIO3,589,PRIO3
2019-12-20,3641.365216650839,0.167216650839,PRIO3,589,PRIO3
2019-12-23,3922.907216650839,0.167216650839,PRIO3,589,PRIO3
2019-12-26,4045.419216650840,0.167216650839,PRIO3,589,PRIO3
2019-12-27,3993.587216650839,0.167216650839,PRIO3,589,PRIO3
2019-12-30,3894.635216650840,0.167216650839,PRIO3,589,PRIO3
2020-01-02,4215.051216650839,0.167216650839,PRIO3,589,PRIO3
2020-01-03,4458.897216650839,0.167216650839,PRIO3,589,PRIO3
2020-01-06,4546.069216650840,0.167216650839,PRIO3,589,PRIO3
2020-01-07,4551.959216650839,0.167216650839,PRIO3,589,PRIO3
2020-01-08,4458.897216650839,0.167216650839,PRIO3,589,PRIO3
2020-01-09,4288.087216650839,0.167216650839,PRIO3,589,PRIO3
2020-01-10,4384.683216650838,0.167216650839,PRIO3,589,PRIO3
2020-01-13,4573.163216650839,0.167216650839,PRIO3,589,PRIO3
2020-01-14,4842.925216650839,0.167216650839,PRIO3,589,PRIO3
2020-01-15,4865.307216650839,0.167216650839,PRIO3,589,PRIO3
2020-01-16,4874.731216650840,0.167216650839,PRIO3,589,PRIO3
2020-01-17,4831.145216650839,0.167216650839,PRIO3,589,PRIO3
2020-01-20,5072.635216650839,0.167216650839,PRIO3,589,PRIO3
2020-01-21,5268.183216650839,0.167216650839,PRIO3,589,PRIO3
2020-01-22,5442.527216650838,0.167216650839,PRIO3,589,PRIO3
2020-01-23,5481.401216650838,0.167216650839,PRIO3,589,PRIO3
2020-01-24,5360.067216650838,0.167216650839,PRIO3,589,PRIO3
2020-01-27,5275.251216650840,0.167216650839,PRIO3,589,PRIO3
2020-01-28,5607.447216650839,0.167216650839,PRIO3,589,PRIO3
2020-01-29,5390.695216650838,0.167216650839,PRIO3,589,PRIO3
2020-01-30,5572.107216650839,0.167216650839,PRIO3,589,PRIO3
2020-01-31,5646.321216650839,0.167216650839,PRIO3,589,PRIO3
2020-02-03,5766.881562442327,3.548229108994,GGBR3,399,GGBR3
2020-02-04,5925.214895775660,3.548229108994,GGBR3,399,GGBR3
2020-02-05,6020.214895775661,3.548229108994,GGBR3,399,GGBR3
2020-02-06,5956.881562442327,3.548229108994,GGBR3,399,GGBR3
2020-02-07,5703.548229108994,3.548229108994,GGBR3,399,GGBR3
2020-02-10,5764.612782435244,4.912782435244,CSAN3,292,CSAN3
2020-02-11,6115.012782435244,4.912782435244,CSAN3,292,CSAN3
2020-02-12,6151.512782435244,4.912782435244,CSAN3,292,CSAN3
2020-02-13,6083.622782435244,4.912782435244,CSAN3,292,CSAN3
2020-02-14,6042.012782435244,4.912782435244,CSAN3,292,CSAN3
2020-02-17,5922.292782435244,4.912782435244,CSAN3,292,CSAN3
2020-02-18,5811.332782435244,4.912782435244,CSAN3,292,CSAN3
2020-02-19,5925.212782435243,4.912782435244,CSAN3,292,CSAN3
2020-02-20,5835.422782435244,4.912782435244,CSAN3,292,CSAN3
2020-02-21,5815.712782435243,4.912782435244,CSAN3,292,CSAN3
2020-02-26,5077.666962161494,6.066962161494,PRIO3,620,PRIO3
2020-02-27,4941.266962161494,6.066962161494,PRIO3,620,PRIO3
2020-02-28,4891.666962161495,6.066962161494,PRIO3,620,PRIO3
2020-03-02,4881.401343362994,4881.401343362994,CASH,0,CASH
2020-03-03,4881.401343362994,4881.401343362994,CASH,0,CASH
2020-03-04,4881.401343362994,4881.401343362994,CASH,0,CASH
2020-03-05,4881.401343362994,4881.401343362994,CASH,0,CASH
2020-03-06,4881.401343362994,4881.401343362994,CASH,0,CASH
2020-03-09,4881.401343362994,4881.401343362994,CASH,0,CASH
2020-03-10,4881.401343362994,4881.401343362994,CASH,0,CASH
2020-03-11,4881.401343362994,4881.401343362994,CASH,0,CASH
2020-03-12,4881.401343362994,4881.401343362994,CASH,0,CASH
2020-03-13,4881.401343362994,4881.401343362994,CASH,0,CASH
2020-03-16,4881.401343362994,4881.401343362994,CASH,0,CASH
2020-03-17,4881.401343362994,4881.401343362994,CASH,0,CASH
2020-03-18,4881.401343362994,4881.401343362994,CASH,0,CASH
2020-03-19,4881.401343362994,4881.401343362994,CASH,0,CASH
2020-03-20,4881.401343362994,4881.401343362994,CASH,0,CASH
2020-03-23,4881.401343362994,4881.401343362994,CASH,0,CASH
2020-03-24,4881.401343362994,4881.401343362994,CASH,0,CASH
2020-03-25,4881.401343362994,4881.401343362994,CASH,0,CASH
2020-03-26,4881.401343362994,4881.401343362994,CASH,0,CASH
2020-03-27,4881.401343362994,4881.401343362994,CASH,0,CASH
2020-03-30,4881.401343362994,4881.401343362994,CASH,0,CASH
2020-03-31,4881.401343362994,4881.401343362994,CASH,0,CASH
2020-04-01,4881.401343362994,4881.401343362994,CASH,0,CASH
2020-04-02,4881.401343362994,4881.401343362994,CASH,0,CASH
2020-04-03,4881.401343362994,4881.401343362994,CASH,0,CASH
2020-04-06,4881.401343362994,4881.401343362994,CASH,0,CASH
2020-04-07,4881.401343362994,4881.401343362994,CASH,0,CASH
2020-04-08,4881.401343362994,4881.401343362994,CASH,0,CASH
2020-04-09,4881.401343362994,4881.401343362994,CASH,0,CASH
2020-04-13,4881.401343362994,4881.401343362994,CASH,0,CASH
2020-04-14,4881.401343362994,4881.401343362994,CASH,0,CASH
2020-04-15,4881.401343362994,4881.401343362994,CASH,0,CASH
2020-04-16,4881.401343362994,4881.401343362994,CASH,0,CASH
2020-04-17,4881.401343362994,4881.401343362994,CASH,0,CASH
2020-04-20,4881.401343362994,4881.401343362994,CASH,0,CASH
2020-04-22,4881.401343362994,4881.401343362994,CASH,0,CASH
2020-04-23,4881.401343362994,4881.401343362994,CASH,0,CASH
2020-04-24,4881.401343362994,4881.401343362994,CASH,0,CASH
2020-04-27,4948.307854219245,16.007854219245,SUZB3,123,SUZB3
2020-04-28,4769.957854219245,16.007854219245,SUZB3,123,SUZB3
2020-04-29,4778.567854219245,16.007854219245,SUZB3,123,SUZB3
2020-04-30,4863.437854219244,16.007854219245,SUZB3,123,SUZB3
2020-05-04,4773.042130454371,4773.042130454371,CASH,0,CASH
2020-05-05,4773.042130454371,4773.042130454371,CASH,0,CASH
2020-05-06,4773.042130454371,4773.042130454371,CASH,0,CASH
2020-05-07,4773.042130454371,4773.042130454371,CASH,0,CASH
2020-05-08,4773.042130454371,4773.042130454371,CASH,0,CASH
2020-05-11,4827.327305041871,19.727305041871,SUZB3,101,SUZB3
2020-05-12,4923.277305041870,19.727305041871,SUZB3,101,SUZB3
2020-05-13,5129.317305041871,19.727305041871,SUZB3,101,SUZB3
2020-05-14,4821.267305041871,19.727305041871,SUZB3,101,SUZB3
2020-05-15,4567.757305041870,19.727305041871,SUZB3,101,SUZB3
2020-05-18,4472.265739470264,91.908596613121,MGLU3,33,MGLU3
2020-05-19,4694.622882327407,91.908596613121,MGLU3,33,MGLU3
2020-05-20,4562.622882327407,91.908596613121,MGLU3,33,MGLU3
2020-05-21,4671.837168041692,91.908596613121,MGLU3,33,MGLU3
2020-05-22,4621.551453755977,91.908596613121,MGLU3,33,MGLU3
2020-05-25,4837.622882327406,91.908596613121,MGLU3,33,MGLU3
2020-05-26,5158.194310898834,91.908596613121,MGLU3,33,MGLU3
2020-05-27,5384.480025184549,91.908596613121,MGLU3,33,MGLU3
2020-05-28,5218.694310898835,91.908596613121,MGLU3,33,MGLU3
2020-05-29,5147.980025184548,91.908596613121,MGLU3,33,MGLU3
2020-06-01,5036.998855869078,5.566855869078,PRIO3,804,PRIO3
2020-06-02,5406.838855869079,5.566855869078,PRIO3,804,PRIO3
2020-06-03,5228.350855869079,5.566855869078,PRIO3,804,PRIO3
2020-06-04,5459.902855869079,5.566855869078,PRIO3,804,PRIO3
2020-06-05,5998.582855869079,5.566855869078,PRIO3,804,PRIO3
2020-06-08,6013.054855869079,5.566855869078,PRIO3,804,PRIO3
2020-06-09,5665.726855869079,5.566855869078,PRIO3,804,PRIO3
2020-06-10,5299.102855869079,5.566855869078,PRIO3,804,PRIO3
2020-06-12,4964.638855869079,5.566855869078,PRIO3,804,PRIO3
2020-06-15,4821.605665777881,4.265665777880,JHSF3,811,JHSF3
2020-06-16,4813.495665777880,4.265665777880,JHSF3,811,JHSF3
2020-06-17,5154.115665777880,4.265665777880,JHSF3,811,JHSF3
2020-06-18,5146.005665777880,4.265665777880,JHSF3,811,JHSF3
2020-06-19,5600.165665777881,4.265665777880,JHSF3,811,JHSF3
2020-06-22,5500.999598247951,0.618645867001,GGBR3,536,GGBR3
2020-06-23,5679.666264914621,0.618645867001,GGBR3,536,GGBR3
2020-06-24,5620.110709359064,0.618645867001,GGBR3,536,GGBR3
2020-06-25,5573.317058565412,0.618645867001,GGBR3,536,GGBR3
2020-06-26,5445.698010946366,0.618645867001,GGBR3,536,GGBR3
2020-06-29,5519.017868763429,5519.017868763429,CASH,0,CASH
2020-06-30,5519.017868763429,5519.017868763429,CASH,0,CASH
2020-07-01,5519.017868763429,5519.017868763429,CASH,0,CASH
2020-07-02,5519.017868763429,5519.017868763429,CASH,0,CASH
2020-07-03,5519.017868763429,5519.017868763429,CASH,0,CASH
2020-07-06,5244.565459743429,7.045459743429,JHSF3,556,JHSF3
2020-07-07,5439.165459743429,7.045459743429,JHSF3,556,JHSF3
2020-07-08,5311.285459743429,7.045459743429,JHSF3,556,JHSF3
2020-07-09,5255.685459743429,7.045459743429,JHSF3,556,JHSF3
2020-07-10,5255.685459743429,7.045459743429,JHSF3,556,JHSF3
2020-07-13,5261.245459743429,7.045459743429,JHSF3,556,JHSF3
2020-07-14,5428.045459743429,7.045459743429,JHSF3,556,JHSF3
2020-07-15,5850.605459743429,7.045459743429,JHSF3,556,JHSF3
2020-07-16,5605.965459743429,7.045459743429,JHSF3,556,JHSF3
2020-07-17,5511.445459743430,7.045459743429,JHSF3,556,JHSF3
2020-07-20,5644.885459743429,7.045459743429,JHSF3,556,JHSF3
2020-07-21,5350.205459743429,7.045459743429,JHSF3,556,JHSF3
2020-07-22,5283.485459743430,7.045459743429,JHSF3,556,JHSF3
2020-07-23,5150.045459743429,7.045459743429,JHSF3,556,JHSF3
2020-07-24,5105.565459743429,7.045459743429,JHSF3,556,JHSF3
2020-07-27,5486.594944792931,1.574944792931,USIM5,678,USIM5
2020-07-28,5418.794944792931,1.574944792931,USIM5,678,USIM5
2020-07-29,5527.274944792931,1.574944792931,USIM5,678,USIM5
2020-07-30,5567.954944792932,1.574944792931,USIM5,678,USIM5
2020-07-31,5513.714944792931,1.574944792931,USIM5,678,USIM5
2020-08-03,5580.502001378681,21.907001378681,WEGE3,167,WEGE3
2020-08-04,5598.872001378681,21.907001378681,WEGE3,167,WEGE3
2020-08-05,5716.607001378681,21.907001378681,WEGE3,167,WEGE3
2020-08-06,5852.712001378682,21.907001378681,WEGE3,167,WEGE3
2020-08-07,5737.482001378681,21.907001378681,WEGE3,167,WEGE3
2020-08-10,5782.572001378681,21.907001378681,WEGE3,167,WEGE3
2020-08-11,5647.302001378682,21.907001378681,WEGE3,167,WEGE3
2020-08-12,5699.907001378681,21.907001378681,WEGE3,167,WEGE3
2020-08-13,5775.057001378682,21.907001378681,WEGE3,167,WEGE3
2020-08-14,5797.602001378681,21.907001378681,WEGE3,167,WEGE3
2020-08-17,5697.402001378681,21.907001378681,WEGE3,167,WEGE3
2020-08-18,5674.857001378681,21.907001378681,WEGE3,167,WEGE3
2020-08-19,5522.887001378681,21.907001378681,WEGE3,167,WEGE3
2020-08-20,5634.777001378681,21.907001378681,WEGE3,167,WEGE3
2020-08-21,5666.507001378681,21.907001378681,WEGE3,167,WEGE3
2020-08-24,5572.152001378681,21.907001378681,WEGE3,167,WEGE3
2020-08-25,5724.122001378681,21.907001378681,WEGE3,167,WEGE3
2020-08-26,5568.812001378682,21.907001378681,WEGE3,167,WEGE3
2020-08-27,5557.122001378681,21.907001378681,WEGE3,167,WEGE3
2020-08-28,5632.272001378681,21.907001378681,WEGE3,167,WEGE3
2020-08-31,5417.677001378682,21.907001378681,WEGE3,167,WEGE3
2020-09-01,5610.562001378682,21.907001378681,WEGE3,167,WEGE3
2020-09-02,5600.542001378682,21.907001378681,WEGE3,167,WEGE3
2020-09-03,5401.812001378682,21.907001378681,WEGE3,167,WEGE3
2020-09-04,5406.822001378681,21.907001378681,WEGE3,167,WEGE3
2020-09-08,5223.750915687868,2.856915687868,PRIO3,631,PRIO3
2020-09-09,5216.178915687869,2.856915687868,PRIO3,631,PRIO3
2020-09-10,4999.114915687869,2.856915687868,PRIO3,631,PRIO3
2020-09-11,5001.638915687869,2.856915687868,PRIO3,631,PRIO3
2020-09-14,5014.714760906818,11.644760906818,WEGE3,158,WEGE3
2020-09-15,5073.964760906818,11.644760906818,WEGE3,158,WEGE3
2020-09-16,4983.904760906818,11.644760906818,WEGE3,158,WEGE3
2020-09-17,4974.424760906818,11.644760906818,WEGE3,158,WEGE3
2020-09-18,4908.854760906818,11.644760906818,WEGE3,158,WEGE3
2020-09-21,4792.263988402037,8.214214646381,RADL3,222,RADL3
2020-09-22,4844.582992926924,8.214214646381,RADL3,222,RADL3
2020-09-23,4785.985707859049,8.214214646381,RADL3,222,RADL3
2020-09-24,4905.273038175793,8.214214646381,RADL3,222,RADL3
2020-09-25,4832.026431840951,8.214214646381,RADL3,222,RADL3
2020-09-28,4646.398504778270,9.488484715143,RENT3,85,RENT3
2020-09-29,4657.857770494225,9.488484715143,RENT3,85,RENT3
2020-09-30,4648.035542737693,9.488484715143,RENT3,85,RENT3
2020-10-01,4684.868896824690,9.488484715143,RENT3,85,RENT3
2020-10-02,4650.491099676826,9.488484715143,RENT3,85,RENT3
2020-10-05,4695.509643560934,9.488484715143,RENT3,85,RENT3
2020-10-06,4700.420757439200,9.488484715143,RENT3,85,RENT3
2020-10-07,4666.042960291335,9.488484715143,RENT3,85,RENT3
2020-10-08,4917.328287062629,9.488484715143,RENT3,85,RENT3
2020-10-09,4932.880147677140,9.488484715143,RENT3,85,RENT3
2020-10-13,5055.018604810866,1.458604810867,CSNA3,276,CSNA3
2020-10-14,5079.858604810866,1.458604810867,CSNA3,276,CSNA3
2020-10-15,5369.658604810867,1.458604810867,CSNA3,276,CSNA3
2020-10-16,5391.738604810867,1.458604810867,CSNA3,276,CSNA3
2020-10-19,5427.618604810867,1.458604810867,CSNA3,276,CSNA3
2020-10-20,5709.138604810867,1.458604810867,CSNA3,276,CSNA3
2020-10-21,5780.898604810867,1.458604810867,CSNA3,276,CSNA3
2020-10-22,5775.378604810867,1.458604810867,CSNA3,276,CSNA3
2020-10-23,5927.178604810866,1.458604810867,CSNA3,276,CSNA3
2020-10-26,5860.938604810867,1.458604810867,CSNA3,276,CSNA3
2020-10-27,5924.418604810867,1.458604810867,CSNA3,276,CSNA3
2020-10-28,5706.378604810867,1.458604810867,CSNA3,276,CSNA3
2020-10-29,5814.018604810866,1.458604810867,CSNA3,276,CSNA3
2020-10-30,5670.498604810867,1.458604810867,CSNA3,276,CSNA3
2020-11-03,5956.791915964925,0.198189366247,RENT3,97,RENT3
2020-11-04,6193.112789860089,0.198189366247,RENT3,97,RENT3
2020-11-05,6340.696576719520,0.198189366247,RENT3,97,RENT3
2020-11-06,6351.905471924035,0.198189366247,RENT3,97,RENT3
2020-11-09,6290.045153049851,5.045153049851,CSNA3,300,CSNA3
2020-11-10,6008.045153049852,5.045153049851,CSNA3,300,CSNA3
2020-11-11,5990.045153049851,5.045153049851,CSNA3,300,CSNA3
2020-11-12,5861.045153049851,5.045153049851,CSNA3,300,CSNA3
2020-11-13,5792.045153049851,5.045153049851,CSNA3,300,CSNA3
2020-11-16,5764.719169307265,37.994461116618,RENT3,89,RENT3
2020-11-17,5694.442092672779,37.994461116618,RENT3,89,RENT3
2020-11-18,5565.029427162933,37.994461116618,RENT3,89,RENT3
2020-11-19,5649.876141636277,37.994461116618,RENT3,89,RENT3
2020-11-20,5633.592428757554,37.994461116618,RENT3,89,RENT3
2020-11-23,5740.839854104815,34.299854104815,SANB11,147,SANB11
2020-11-24,5943.699854104816,34.299854104815,SANB11,147,SANB11
2020-11-25,5961.339854104815,34.299854104815,SANB11,147,SANB11
2020-11-26,5965.749854104815,34.299854104815,SANB11,147,SANB11
2020-11-27,5976.039854104816,34.299854104815,SANB11,147,SANB11
2020-11-30,5789.349854104816,34.299854104815,SANB11,147,SANB11
2020-12-01,6200.949854104816,34.299854104815,SANB11,147,SANB11
2020-12-02,6243.579854104816,34.299854104815,SANB11,147,SANB11
2020-12-03,6106.869854104816,34.299854104815,SANB11,147,SANB11
2020-12-04,6208.299854104815,34.299854104815,SANB11,147,SANB11
2020-12-07,6253.253107417816,5.753107417816,CSNA3,238,CSNA3
2020-12-08,6255.633107417816,5.753107417816,CSNA3,238,CSNA3
2020-12-09,6150.913107417816,5.753107417816,CSNA3,238,CSNA3
2020-12-10,6795.893107417816,5.753107417816,CSNA3,238,CSNA3
2020-12-11,6729.253107417816,5.753107417816,CSNA3,238,CSNA3
2020-12-14,6538.575421103317,1.945421103318,SANB11,149,SANB11
2020-12-15,6598.175421103319,1.945421103318,SANB11,149,SANB11
2020-12-16,6718.865421103318,1.945421103318,SANB11,149,SANB11
2020-12-17,6557.945421103318,1.945421103318,SANB11,149,SANB11
2020-12-18,6534.105421103319,1.945421103318,SANB11,149,SANB11
2020-12-21,6583.888111203320,10.708111203320,CSNA3,213,CSNA3
2020-12-22,6466.738111203319,10.708111203320,CSNA3,213,CSNA3
2020-12-23,6583.888111203320,10.708111203320,CSNA3,213,CSNA3
2020-12-28,6597.155537398071,48.905537398070,VALE3,75,VALE3
2020-12-29,6579.155537398070,48.905537398070,VALE3,75,VALE3
2020-12-30,6607.655537398071,48.905537398070,VALE3,75,VALE3
2021-01-04,7087.988876664947,11.908876664947,PRIO3,473,PRIO3
2021-01-05,6992.442876664949,11.908876664947,PRIO3,473,PRIO3
2021-01-06,6882.706876664946,11.908876664947,PRIO3,473,PRIO3
2021-01-07,7015.146876664946,11.908876664947,PRIO3,473,PRIO3
2021-01-08,7054.878876664947,11.908876664947,PRIO3,473,PRIO3
2021-01-11,7376.518876664947,11.908876664947,PRIO3,473,PRIO3
2021-01-12,7248.808876664947,11.908876664947,PRIO3,473,PRIO3
2021-01-13,7530.716876664947,11.908876664947,PRIO3,473,PRIO3
2021-01-14,7390.708876664947,11.908876664947,PRIO3,473,PRIO3
2021-01-15,7038.796876664947,11.908876664947,PRIO3,473,PRIO3
2021-01-18,6902.572876664946,11.908876664947,PRIO3,473,PRIO3
2021-01-19,6965.008876664946,11.908876664947,PRIO3,473,PRIO3
2021-01-20,6710.534876664947,11.908876664947,PRIO3,473,PRIO3
2021-01-21,7038.796876664947,11.908876664947,PRIO3,473,PRIO3
2021-01-22,6823.108876664946,11.908876664947,PRIO3,473,PRIO3
2021-01-26,6690.668876664946,11.908876664947,PRIO3,473,PRIO3
2021-01-27,6550.660876664947,11.908876664947,PRIO3,473,PRIO3
2021-01-28,6802.296876664947,11.908876664947,PRIO3,473,PRIO3
2021-01-29,6680.262876664947,11.908876664947,PRIO3,473,PRIO3
2021-02-01,6986.169106257622,49.329106257622,SUZB3,108,SUZB3
2021-02-02,6861.969106257621,49.329106257622,SUZB3,108,SUZB3
2021-02-03,6945.129106257622,49.329106257622,SUZB3,108,SUZB3
2021-02-04,7032.609106257622,49.329106257622,SUZB3,108,SUZB3
2021-02-05,7231.329106257622,49.329106257622,SUZB3,108,SUZB3
2021-02-08,7174.089106257622,49.329106257622,SUZB3,108,SUZB3
2021-02-09,7252.929106257622,49.329106257622,SUZB3,108,SUZB3
2021-02-10,7414.929106257622,49.329106257622,SUZB3,108,SUZB3
2021-02-11,7680.609106257622,49.329106257622,SUZB3,108,SUZB3
2021-02-12,7687.089106257622,49.329106257622,SUZB3,108,SUZB3
2021-02-17,8449.734107378248,0.064107378247,PRIO3,485,PRIO3
2021-02-18,8575.834107378247,0.064107378247,PRIO3,485,PRIO3
2021-02-19,8622.394107378250,0.064107378247,PRIO3,485,PRIO3
2021-02-22,8942.494107378248,0.064107378247,PRIO3,485,PRIO3
2021-02-23,8608.814107378248,0.064107378247,PRIO3,485,PRIO3
2021-02-24,8473.984107378248,0.064107378247,PRIO3,485,PRIO3
2021-02-25,8139.334107378248,0.064107378247,PRIO3,485,PRIO3
2021-02-26,8110.234107378248,0.064107378247,PRIO3,485,PRIO3
2021-03-01,8558.374107378248,0.064107378247,PRIO3,485,PRIO3
2021-03-02,8310.054107378248,0.064107378247,PRIO3,485,PRIO3
2021-03-03,8693.204107378249,0.064107378247,PRIO3,485,PRIO3
2021-03-04,9020.094107378247,0.064107378247,PRIO3,485,PRIO3
2021-03-05,9705.884107378248,0.064107378247,PRIO3,485,PRIO3
2021-03-08,9511.776346718500,15.156346718498,SUZB3,126,SUZB3
2021-03-09,9991.836346718499,15.156346718498,SUZB3,126,SUZB3
2021-03-10,9447.516346718499,15.156346718498,SUZB3,126,SUZB3
2021-03-11,9359.316346718499,15.156346718498,SUZB3,126,SUZB3
2021-03-12,9370.656346718499,15.156346718498,SUZB3,126,SUZB3
2021-03-15,9499.044711702229,6.981219638738,GGBR3,520,GGBR3
2021-03-16,9610.473283130801,6.981219638738,GGBR3,520,GGBR3
2021-03-17,9754.917727575246,6.981219638738,GGBR3,520,GGBR3
2021-03-18,9544.441537099054,6.981219638738,GGBR3,520,GGBR3
2021-03-19,9598.092330749847,6.981219638738,GGBR3,520,GGBR3
2021-03-22,9609.931468388737,9609.931468388737,CASH,0,CASH
2021-03-23,9609.931468388737,9609.931468388737,CASH,0,CASH
2021-03-24,9609.931468388737,9609.931468388737,CASH,0,CASH
2021-03-25,9609.931468388737,9609.931468388737,CASH,0,CASH
2021-03-26,9609.931468388737,9609.931468388737,CASH,0,CASH
2021-03-29,9907.419502622613,15.119502622613,BRKM5,253,BRKM5
2021-03-30,10332.459502622612,15.119502622613,BRKM5,253,BRKM5
2021-03-31,10056.689502622612,15.119502622613,BRKM5,253,BRKM5
2021-04-01,10276.799502622613,15.119502622613,BRKM5,253,BRKM5
2021-04-05,10153.996500592613,4.556500592615,PRIO3,560,PRIO3
2021-04-06,10475.436500592616,4.556500592615,PRIO3,560,PRIO3
2021-04-07,10599.756500592615,4.556500592615,PRIO3,560,PRIO3
2021-04-08,10616.556500592615,4.556500592615,PRIO3,560,PRIO3
2021-04-09,10587.436500592614,4.556500592615,PRIO3,560,PRIO3
2021-04-12,11470.927159202989,14.727159202990,BRKM5,245,BRKM5
2021-04-13,11507.677159202989,14.727159202990,BRKM5,245,BRKM5
2021-04-14,11495.427159202991,14.727159202990,BRKM5,245,BRKM5
2021-04-15,11902.127159202992,14.727159202990,BRKM5,245,BRKM5
2021-04-16,12259.827159202989,14.727159202990,BRKM5,245,BRKM5
2021-04-19,12948.277159202989,14.727159202990,BRKM5,245,BRKM5
2021-04-20,12693.477159202990,14.727159202990,BRKM5,245,BRKM5
2021-04-22,12463.177159202991,14.727159202990,BRKM5,245,BRKM5
2021-04-23,12906.627159202990,14.727159202990,BRKM5,245,BRKM5
2021-04-26,13244.727159202990,14.727159202990,BRKM5,245,BRKM5
2021-04-27,13759.227159202990,14.727159202990,BRKM5,245,BRKM5
2021-04-28,13546.077159202989,14.727159202990,BRKM5,245,BRKM5
2021-04-29,13830.277159202989,14.727159202990,BRKM5,245,BRKM5
2021-04-30,12877.227159202990,14.727159202990,BRKM5,245,BRKM5
2021-05-03,12274.527159202989,14.727159202990,BRKM5,245,BRKM5
2021-05-04,12166.727159202990,14.727159202990,BRKM5,245,BRKM5
2021-05-05,12776.777159202991,14.727159202990,BRKM5,245,BRKM5
2021-05-06,12485.227159202990,14.727159202990,BRKM5,245,BRKM5
2021-05-07,12808.627159202990,14.727159202990,BRKM5,245,BRKM5
2021-05-10,12605.277159202989,14.727159202990,BRKM5,245,BRKM5
2021-05-11,12781.677159202991,14.727159202990,BRKM5,245,BRKM5
2021-05-12,12539.127159202990,14.727159202990,BRKM5,245,BRKM5
2021-05-13,12595.477159202990,14.727159202990,BRKM5,245,BRKM5
2021-05-14,12784.127159202990,14.727159202990,BRKM5,245,BRKM5
2021-05-17,13185.927159202989,14.727159202990,BRKM5,245,BRKM5
2021-05-18,12705.727159202990,14.727159202990,BRKM5,245,BRKM5
2021-05-19,12551.377159202990,14.727159202990,BRKM5,245,BRKM5
2021-05-20,12259.827159202989,14.727159202990,BRKM5,245,BRKM5
2021-05-21,12465.627159202990,14.727159202990,BRKM5,245,BRKM5
2021-05-24,12411.727159202990,14.727159202990,BRKM5,245,BRKM5
2021-05-25,12426.427159202989,14.727159202990,BRKM5,245,BRKM5
2021-05-26,12651.827159202991,14.727159202990,BRKM5,245,BRKM5
2021-05-27,12703.277159202989,14.727159202990,BRKM5,245,BRKM5
2021-05-28,12691.027159202991,14.727159202990,BRKM5,245,BRKM5
2021-05-31,12281.877159202990,14.727159202990,BRKM5,245,BRKM5
2021-06-01,13085.477159202990,14.727159202990,BRKM5,245,BRKM5
2021-06-02,13715.127159202990,14.727159202990,BRKM5,245,BRKM5
2021-06-04,14447.677159202989,14.727159202990,BRKM5,245,BRKM5
2021-06-07,14763.727159202990,14.727159202990,BRKM5,245,BRKM5
2021-06-08,13825.377159202990,14.727159202990,BRKM5,245,BRKM5
2021-06-09,13987.077159202991,14.727159202990,BRKM5,245,BRKM5
2021-06-10,14582.427159202991,14.727159202990,BRKM5,245,BRKM5
2021-06-11,14053.227159202990,14.727159202990,BRKM5,245,BRKM5
2021-06-14,13820.477159202990,14.727159202990,BRKM5,245,BRKM5
2021-06-15,14075.277159202989,14.727159202990,BRKM5,245,BRKM5
2021-06-16,13955.227159202990,14.727159202990,BRKM5,245,BRKM5
2021-06-17,13205.527159202991,14.727159202990,BRKM5,245,BRKM5
2021-06-18,13259.427159202991,14.727159202990,BRKM5,245,BRKM5
2021-06-21,13516.677159202991,14.727159202990,BRKM5,245,BRKM5
2021-06-22,13462.777159202989,14.727159202990,BRKM5,245,BRKM5
2021-06-23,13842.527159202989,14.727159202990,BRKM5,245,BRKM5
2021-06-24,13955.227159202990,14.727159202990,BRKM5,245,BRKM5
2021-06-25,13592.627159202990,14.727159202990,BRKM5,245,BRKM5
2021-06-28,13533.157188147990,24.907188147991,PETR4,465,PETR4
2021-06-29,13593.607188147991,24.907188147991,PETR4,465,PETR4
2021-06-30,13709.857188147991,24.907188147991,PETR4,465,PETR4
2021-07-01,13537.807188147990,24.907188147991,PETR4,465,PETR4
2021-07-02,13593.607188147991,24.907188147991,PETR4,465,PETR4
2021-07-05,13440.157188147990,24.907188147991,PETR4,465,PETR4
2021-07-06,12891.457188147991,24.907188147991,PETR4,465,PETR4
2021-07-07,13068.157188147990,24.907188147991,PETR4,465,PETR4
2021-07-08,12807.757188147989,24.907188147991,PETR4,465,PETR4
2021-07-12,12874.234065023762,3.297036366145,RADL3,529,RADL3
2021-07-13,13183.415814646687,3.297036366145,RADL3,529,RADL3
2021-07-14,13218.323431539598,3.297036366145,RADL3,529,RADL3
2021-07-15,13318.059479805059,3.297036366145,RADL3,529,RADL3
2021-07-16,13512.544773922706,3.297036366145,RADL3,529,RADL3
2021-07-19,12992.928570572951,1.690475334856,MGLU3,59,MGLU3
2021-07-20,13133.404761049140,1.690475334856,MGLU3,59,MGLU3
2021-07-21,13127.785713430094,1.690475334856,MGLU3,59,MGLU3
2021-07-22,13065.976189620571,1.690475334856,MGLU3,59,MGLU3
2021-07-23,12700.738094382474,1.690475334856,MGLU3,59,MGLU3
2021-07-26,12586.007659213250,8.937659213251,CSAN3,473,CSAN3
2021-07-27,12453.567659213249,8.937659213251,CSAN3,473,CSAN3
2021-07-28,12694.797659213251,8.937659213251,CSAN3,473,CSAN3
2021-07-29,12519.787659213251,8.937659213251,CSAN3,473,CSAN3
2021-07-30,12094.087659213250,8.937659213251,CSAN3,473,CSAN3
2021-08-02,12099.568169592656,24.519625903338,ITUB4,449,ITUB4
2021-08-03,12218.456077800953,24.519625903338,ITUB4,449,ITUB4
2021-08-04,11877.644074270504,24.519625903338,ITUB4,449,ITUB4
2021-08-05,11913.310446732992,24.519625903338,ITUB4,449,ITUB4
2021-08-06,12246.196589716221,24.519625903338,ITUB4,449,ITUB4
2021-08-09,12289.435003932876,26.785003932876,PETR4,435,PETR4
2021-08-10,12328.585003932876,26.785003932876,PETR4,435,PETR4
2021-08-11,12498.235003932876,26.785003932876,PETR4,435,PETR4
2021-08-12,12685.285003932875,26.785003932876,PETR4,435,PETR4
2021-08-13,12794.035003932875,26.785003932876,PETR4,435,PETR4
2021-08-16,12711.448148157875,12711.448148157875,CASH,0,CASH
2021-08-17,12711.448148157875,12711.448148157875,CASH,0,CASH
2021-08-18,12711.448148157875,12711.448148157875,CASH,0,CASH
2021-08-19,12711.448148157875,12711.448148157875,CASH,0,CASH
2021-08-20,12711.448148157875,12711.448148157875,CASH,0,CASH
2021-08-23,12643.479931934127,2.499931934126,HYPE3,358,HYPE3
2021-08-24,12457.319931934126,2.499931934126,HYPE3,358,HYPE3
2021-08-25,12543.239931934126,2.499931934126,HYPE3,358,HYPE3
2021-08-26,12367.819931934126,2.499931934126,HYPE3,358,HYPE3
2021-08-27,12349.919931934126,2.499931934126,HYPE3,358,HYPE3
2021-08-30,12228.889663439128,12228.889663439128,CASH,0,CASH
2021-08-31,12228.889663439128,12228.889663439128,CASH,0,CASH
2021-09-01,12228.889663439128,12228.889663439128,CASH,0,CASH
2021-09-02,12228.889663439128,12228.889663439128,CASH,0,CASH
2021-09-03,12228.889663439128,12228.889663439128,CASH,0,CASH
2021-09-06,12185.517304651776,4.606064602469,CMIG4,1526,CMIG4
2021-09-08,11968.807245525621,4.606064602469,CMIG4,1526,CMIG4
2021-09-09,12077.162275088696,4.606064602469,CMIG4,1526,CMIG4
2021-09-10,12158.428547261008,4.606064602469,CMIG4,1526,CMIG4
2021-09-13,12287.209888128951,21.559888128952,EQTL3,485,EQTL3
2021-09-14,12282.359888128953,21.559888128952,EQTL3,485,EQTL3
2021-09-15,12316.309888128952,21.559888128952,EQTL3,485,EQTL3
2021-09-16,12461.809888128952,21.559888128952,EQTL3,485,EQTL3
2021-09-17,12520.009888128950,21.559888128952,EQTL3,485,EQTL3
2021-09-20,12493.166402400573,5.213742297306,CMIG4,1536,CMIG4
2021-09-21,12684.030307685993,5.213742297306,CMIG4,1536,CMIG4
2021-09-22,12774.917881631432,5.213742297306,CMIG4,1536,CMIG4
2021-09-23,12802.184153815064,5.213742297306,CMIG4,1536,CMIG4
2021-09-24,12865.805455576872,5.213742297306,CMIG4,1536,CMIG4
2021-09-27,12953.621940000306,12.021940000305,PRIO3,560,PRIO3
2021-09-28,12292.821940000305,12.021940000305,PRIO3,560,PRIO3
2021-09-29,12808.021940000306,12.021940000305,PRIO3,560,PRIO3
2021-09-30,14023.221940000305,12.021940000305,PRIO3,560,PRIO3
2021-10-01,14768.021940000306,12.021940000305,PRIO3,560,PRIO3
2021-10-04,14605.621940000305,12.021940000305,PRIO3,560,PRIO3
2021-10-05,14723.221940000305,12.021940000305,PRIO3,560,PRIO3
2021-10-06,14712.021940000306,12.021940000305,PRIO3,560,PRIO3
2021-10-07,14964.021940000306,12.021940000305,PRIO3,560,PRIO3
2021-10-08,15143.221940000305,12.021940000305,PRIO3,560,PRIO3
2021-10-11,15574.421940000306,12.021940000305,PRIO3,560,PRIO3
2021-10-13,15104.021940000306,12.021940000305,PRIO3,560,PRIO3
2021-10-14,15776.021940000306,12.021940000305,PRIO3,560,PRIO3
2021-10-15,15546.421940000306,12.021940000305,PRIO3,560,PRIO3
2021-10-18,15221.621940000306,12.021940000305,PRIO3,560,PRIO3
2021-10-19,15003.221940000305,12.021940000305,PRIO3,560,PRIO3
2021-10-20,15076.021940000306,12.021940000305,PRIO3,560,PRIO3
2021-10-21,14734.421940000306,12.021940000305,PRIO3,560,PRIO3
2021-10-22,14840.821940000307,12.021940000305,PRIO3,560,PRIO3
2021-10-25,15367.221940000307,12.021940000305,PRIO3,560,PRIO3
2021-10-26,15216.021940000306,12.021940000305,PRIO3,560,PRIO3
2021-10-27,14208.021940000306,12.021940000305,PRIO3,560,PRIO3
2021-10-28,13177.621940000306,12.021940000305,PRIO3,560,PRIO3
2021-10-29,13155.221940000305,12.021940000305,PRIO3,560,PRIO3
2021-11-01,13116.021940000306,12.021940000305,PRIO3,560,PRIO3
2021-11-03,13340.021940000306,12.021940000305,PRIO3,560,PRIO3
2021-11-04,13110.421940000306,12.021940000305,PRIO3,560,PRIO3
2021-11-05,15451.221940000307,12.021940000305,PRIO3,560,PRIO3
2021-11-08,15234.971167254058,23.971167254058,WEGE3,410,WEGE3
2021-11-09,15107.871167254058,23.971167254058,WEGE3,410,WEGE3
2021-11-10,14898.771167254059,23.971167254058,WEGE3,410,WEGE3
2021-11-11,14988.971167254058,23.971167254058,WEGE3,410,WEGE3
2021-11-12,14640.471167254058,23.971167254058,WEGE3,410,WEGE3
2021-11-16,14563.070709099311,12.260709099309,ABEV3,831,ABEV3
2021-11-17,14588.000709099309,12.260709099309,ABEV3,831,ABEV3
2021-11-18,14637.860709099310,12.260709099309,ABEV3,831,ABEV3
2021-11-19,14463.350709099310,12.260709099309,ABEV3,831,ABEV3
2021-11-22,13944.101874746184,11.021874746184,MULT3,679,MULT3
2021-11-23,13869.411874746183,11.021874746184,MULT3,679,MULT3
2021-11-24,13842.251874746185,11.021874746184,MULT3,679,MULT3
2021-11-25,14066.321874746183,11.021874746184,MULT3,679,MULT3
2021-11-26,13353.371874746183,11.021874746184,MULT3,679,MULT3
2021-11-29,13536.200139877934,9.470139877934,PETR4,459,PETR4
2021-11-30,13517.840139877933,9.470139877934,PETR4,459,PETR4
2021-12-01,13595.870139877936,9.470139877934,PETR4,459,PETR4
2021-12-02,13026.710139877934,9.470139877934,PETR4,459,PETR4
2021-12-03,13210.310139877934,9.470139877934,PETR4,459,PETR4
2021-12-06,13320.491897147998,9.816897147998,BBAS3,805,BBAS3
2021-12-07,13131.316897147999,9.816897147998,BBAS3,805,BBAS3
2021-12-08,13191.691897147999,9.816897147998,BBAS3,805,BBAS3
2021-12-09,12897.866897148000,9.816897147998,BBAS3,805,BBAS3
2021-12-10,13091.066897147999,9.816897147998,BBAS3,805,BBAS3
2021-12-13,13044.722742015312,7.976710269280,GGBR3,685,GGBR3
2021-12-14,12892.500519793088,7.976710269280,GGBR3,685,GGBR3
2021-12-15,12832.698932491501,7.976710269280,GGBR3,685,GGBR3
2021-12-16,13039.286234078800,7.976710269280,GGBR3,685,GGBR3
2021-12-17,12702.222742015312,7.976710269280,GGBR3,685,GGBR3
2021-12-20,12443.625489450311,46.395489450311,SUZB3,207,SUZB3
2021-12-21,12464.325489450312,46.395489450311,SUZB3,207,SUZB3
2021-12-22,12389.805489450311,46.395489450311,SUZB3,207,SUZB3
2021-12-23,12505.725489450311,46.395489450311,SUZB3,207,SUZB3
2021-12-27,12536.775489450312,46.395489450311,SUZB3,207,SUZB3
2021-12-28,12396.015489450310,46.395489450311,SUZB3,207,SUZB3
2021-12-29,12267.675489450312,46.395489450311,SUZB3,207,SUZB3
2021-12-30,12489.165489450312,46.395489450311,SUZB3,207,SUZB3
2022-01-03,12381.525489450312,46.395489450311,SUZB3,207,SUZB3
2022-01-04,12650.625489450311,46.395489450311,SUZB3,207,SUZB3
2022-01-05,12507.795489450313,46.395489450311,SUZB3,207,SUZB3
2022-01-06,12408.435489450310,46.395489450311,SUZB3,207,SUZB3
2022-01-07,12325.635489450311,46.395489450311,SUZB3,207,SUZB3
2022-01-10,12296.655489450312,46.395489450311,SUZB3,207,SUZB3
2022-01-11,12369.105489450312,46.395489450311,SUZB3,207,SUZB3
2022-01-12,12801.735489450311,46.395489450311,SUZB3,207,SUZB3
2022-01-13,12990.105489450312,46.395489450311,SUZB3,207,SUZB3
2022-01-14,13039.785489450313,46.395489450311,SUZB3,207,SUZB3
2022-01-17,12866.365470282935,12.205470282935,USIM5,792,USIM5
2022-01-18,13111.885470282934,12.205470282935,USIM5,792,USIM5
2022-01-19,13278.205470282935,12.205470282935,USIM5,792,USIM5
2022-01-20,13135.645470282936,12.205470282935,USIM5,792,USIM5
2022-01-21,12573.325470282934,12.205470282935,USIM5,792,USIM5
2022-01-24,12451.963014794936,39.203014794935,VALE3,148,VALE3
2022-01-25,12480.083014794936,39.203014794935,VALE3,148,VALE3
2022-01-26,12515.603014794935,39.203014794935,VALE3,148,VALE3
2022-01-27,12543.723014794934,39.203014794935,VALE3,148,VALE3
2022-01-28,12420.883014794936,39.203014794935,VALE3,148,VALE3
2022-01-31,12007.963014794936,39.203014794935,VALE3,148,VALE3
2022-02-01,12665.083014794936,39.203014794935,VALE3,148,VALE3
2022-02-02,12736.123014794935,39.203014794935,VALE3,148,VALE3
2022-02-03,12730.203014794935,39.203014794935,VALE3,148,VALE3
2022-02-04,13060.243014794936,39.203014794935,VALE3,148,VALE3
2022-02-07,12850.793057337936,4.193057337937,JHSF3,2196,JHSF3
2022-02-08,12894.713057337938,4.193057337937,JHSF3,2196,JHSF3
2022-02-09,13004.513057337937,4.193057337937,JHSF3,2196,JHSF3
2022-02-10,12894.713057337938,4.193057337937,JHSF3,2196,JHSF3
2022-02-11,12784.913057337939,4.193057337937,JHSF3,2196,JHSF3
2022-02-14,13050.232296147939,12.232296147939,PRIO3,492,PRIO3
2022-02-15,12681.232296147939,12.232296147939,PRIO3,492,PRIO3
2022-02-16,12430.312296147938,12.232296147939,PRIO3,492,PRIO3
2022-02-17,12258.112296147940,12.232296147939,PRIO3,492,PRIO3
2022-02-18,12007.192296147938,12.232296147939,PRIO3,492,PRIO3
2022-02-21,12352.814297928939,31.414297928938,PETR4,364,PETR4
2022-02-22,12312.774297928940,31.414297928938,PETR4,364,PETR4
2022-02-23,12487.494297928939,31.414297928938,PETR4,364,PETR4
2022-02-24,12185.374297928940,31.414297928938,PETR4,364,PETR4
2022-02-25,12407.414297928939,31.414297928938,PETR4,364,PETR4
2022-03-02,12898.816386190938,6.116386190939,PRIO3,458,PRIO3
2022-03-03,13040.796386190939,6.116386190939,PRIO3,458,PRIO3
2022-03-04,12921.716386190939,6.116386190939,PRIO3,458,PRIO3
2022-03-07,13402.421659150064,26.171659150065,BRAP4,375,BRAP4
2022-03-08,13019.921659150064,26.171659150065,BRAP4,375,BRAP4
2022-03-09,12772.421659150064,26.171659150065,BRAP4,375,BRAP4
2022-03-10,13042.421659150064,26.171659150065,BRAP4,375,BRAP4
2022-03-11,12888.671659150063,26.171659150065,BRAP4,375,BRAP4
2022-03-14,12438.671659150064,26.171659150065,BRAP4,375,BRAP4
2022-03-15,12329.921659150064,26.171659150065,BRAP4,375,BRAP4
2022-03-16,12618.671659150064,26.171659150065,BRAP4,375,BRAP4
2022-03-17,13008.671659150063,26.171659150065,BRAP4,375,BRAP4
2022-03-18,13229.921659150064,26.171659150065,BRAP4,375,BRAP4
2022-03-21,13280.538567721942,12.348567721941,PRIO3,507,PRIO3
2022-03-22,13478.268567721942,12.348567721941,PRIO3,507,PRIO3
2022-03-23,13873.728567721941,12.348567721941,PRIO3,507,PRIO3
2022-03-24,13250.118567721942,12.348567721941,PRIO3,507,PRIO3
2022-03-25,12803.958567721942,12.348567721941,PRIO3,507,PRIO3
2022-03-28,12253.481647697443,3.881647697442,JHSF3,1914,JHSF3
2022-03-29,12349.181647697444,3.881647697442,JHSF3,1914,JHSF3
2022-03-30,12636.281647697442,3.881647697442,JHSF3,1914,JHSF3
2022-03-31,12578.861647697444,3.881647697442,JHSF3,1914,JHSF3
2022-04-01,13019.081647697441,3.881647697442,JHSF3,1914,JHSF3
2022-04-04,13119.393068851599,3.266893383518,SBSP3,1312,SBSP3
2022-04-05,13007.441652416954,3.266893383518,SBSP3,1312,SBSP3
2022-04-06,12806.437972909296,3.266893383518,SBSP3,1312,SBSP3
2022-04-07,13183.001828189466,3.266893383518,SBSP3,1312,SBSP3
2022-04-08,13144.836572586746,3.266893383518,SBSP3,1312,SBSP3
2022-04-11,13073.941775167104,26.341775167105,HYPE3,332,HYPE3
2022-04-12,13070.621775167105,26.341775167105,HYPE3,332,HYPE3
2022-04-13,13103.821775167105,26.341775167105,HYPE3,332,HYPE3
2022-04-14,12888.021775167106,26.341775167105,HYPE3,332,HYPE3
2022-04-18,12861.461775167105,26.341775167105,HYPE3,332,HYPE3
2022-04-19,12602.501775167108,26.341775167105,HYPE3,332,HYPE3
2022-04-20,12575.941775167104,26.341775167105,HYPE3,332,HYPE3
2022-04-22,12575.941775167104,26.341775167105,HYPE3,332,HYPE3
2022-04-25,12632.491499925736,1.261499925736,BBSE3,479,BBSE3
2022-04-26,12488.791499925735,1.261499925736,BBSE3,479,BBSE3
2022-04-27,12493.581499925735,1.261499925736,BBSE3,479,BBSE3
2022-04-28,12402.571499925734,1.261499925736,BBSE3,479,BBSE3
2022-04-29,12182.231499925734,1.261499925736,BBSE3,479,BBSE3
2022-05-02,11952.311499925734,1.261499925736,BBSE3,479,BBSE3
2022-05-03,12033.741499925736,1.261499925736,BBSE3,479,BBSE3
2022-05-04,12273.241499925736,1.261499925736,BBSE3,479,BBSE3
2022-05-05,11990.631499925736,1.261499925736,BBSE3,479,BBSE3
2022-05-06,11990.631499925736,1.261499925736,BBSE3,479,BBSE3
2022-05-09,11480.882468775737,16.962468775736,TUPY3,584,TUPY3
2022-05-10,11323.202468775737,16.962468775736,TUPY3,584,TUPY3
2022-05-11,11340.722468775737,16.962468775736,TUPY3,584,TUPY3
2022-05-12,11685.282468775737,16.962468775736,TUPY3,584,TUPY3
2022-05-13,12923.362468775738,16.962468775736,TUPY3,584,TUPY3
2022-05-16,13421.093053894614,4.943053894614,JHSF3,1903,JHSF3
2022-05-17,13459.153053894615,4.943053894614,JHSF3,1903,JHSF3
2022-05-18,13268.853053894614,4.943053894614,JHSF3,1903,JHSF3
2022-05-19,13249.823053894614,4.943053894614,JHSF3,1903,JHSF3
2022-05-20,13459.153053894615,4.943053894614,JHSF3,1903,JHSF3
2022-05-23,13464.032022136118,6.912022136117,TUPY3,604,TUPY3
2022-05-24,13077.472022136117,6.912022136117,TUPY3,604,TUPY3
2022-05-25,13681.472022136117,6.912022136117,TUPY3,604,TUPY3
2022-05-26,13747.912022136117,6.912022136117,TUPY3,604,TUPY3
2022-05-27,13615.032022136118,6.912022136117,TUPY3,604,TUPY3
2022-05-30,13247.767276022618,22.087276022617,PRIO3,468,PRIO3
2022-05-31,13121.407276022617,22.087276022617,PRIO3,468,PRIO3
2022-06-01,13196.287276022616,22.087276022617,PRIO3,468,PRIO3
2022-06-02,13453.687276022618,22.087276022617,PRIO3,468,PRIO3
2022-06-03,13037.167276022617,22.087276022617,PRIO3,468,PRIO3
2022-06-06,12809.095427201119,12.385427201119,TUPY3,537,TUPY3
2022-06-07,12481.525427201119,12.385427201119,TUPY3,537,TUPY3
2022-06-08,12594.295427201119,12.385427201119,TUPY3,537,TUPY3
2022-06-09,12680.215427201119,12.385427201119,TUPY3,537,TUPY3
2022-06-10,12406.345427201119,12.385427201119,TUPY3,537,TUPY3
2022-06-13,12048.058864936622,22.198864936621,PRIO3,462,PRIO3
2022-06-14,11867.878864936622,22.198864936621,PRIO3,462,PRIO3
2022-06-15,11692.318864936622,22.198864936621,PRIO3,462,PRIO3
2022-06-17,10666.678864936621,22.198864936621,PRIO3,462,PRIO3
2022-06-20,10587.274399089121,10587.274399089121,CASH,0,CASH
2022-06-21,10587.274399089121,10587.274399089121,CASH,0,CASH
2022-06-22,10587.274399089121,10587.274399089121,CASH,0,CASH
2022-06-23,10587.274399089121,10587.274399089121,CASH,0,CASH
2022-06-24,10587.274399089121,10587.274399089121,CASH,0,CASH
2022-06-27,10587.274399089121,10587.274399089121,CASH,0,CASH
2022-06-28,10587.274399089121,10587.274399089121,CASH,0,CASH
2022-06-29,10587.274399089121,10587.274399089121,CASH,0,CASH
2022-06-30,10587.274399089121,10587.274399089121,CASH,0,CASH
2022-07-01,10587.274399089121,10587.274399089121,CASH,0,CASH
2022-07-04,10445.096939052930,7.154081910074,FLRY3,708,FLRY3
2022-07-05,10397.896939052931,7.154081910074,FLRY3,708,FLRY3
2022-07-06,10539.496939052931,7.154081910074,FLRY3,708,FLRY3
2022-07-07,10856.411224767216,7.154081910074,FLRY3,708,FLRY3
2022-07-08,10741.782653338643,7.154081910074,FLRY3,708,FLRY3
2022-07-11,10660.868367624360,7.154081910074,FLRY3,708,FLRY3
2022-07-12,10775.496939052930,7.154081910074,FLRY3,708,FLRY3
2022-07-13,10694.582653338646,7.154081910074,FLRY3,708,FLRY3
2022-07-14,10809.211224767216,7.154081910074,FLRY3,708,FLRY3
2022-07-15,11031.725510481501,7.154081910074,FLRY3,708,FLRY3
2022-07-18,10559.725510481501,7.154081910074,FLRY3,708,FLRY3
2022-07-19,10296.754081910072,7.154081910074,FLRY3,708,FLRY3
2022-07-20,10215.839796195789,7.154081910074,FLRY3,708,FLRY3
2022-07-21,10215.839796195789,7.154081910074,FLRY3,708,FLRY3
2022-07-22,10303.496939052928,7.154081910074,FLRY3,708,FLRY3
2022-07-25,10421.271473554256,4.401473554255,BBSE3,369,BBSE3
2022-07-26,10487.691473554256,4.401473554255,BBSE3,369,BBSE3
2022-07-27,10631.601473554256,4.401473554255,BBSE3,369,BBSE3
2022-07-28,10657.431473554256,4.401473554255,BBSE3,369,BBSE3
2022-07-29,10701.711473554255,4.401473554255,BBSE3,369,BBSE3
2022-08-01,10683.261473554256,4.401473554255,BBSE3,369,BBSE3
2022-08-02,10797.651473554255,4.401473554255,BBSE3,369,BBSE3
2022-08-03,10543.041473554254,4.401473554255,BBSE3,369,BBSE3
2022-08-04,10413.891473554255,4.401473554255,BBSE3,369,BBSE3
2022-08-05,10513.521473554256,4.401473554255,BBSE3,369,BBSE3
2022-08-08,11112.792864254006,13.902864254005,PETR4,303,PETR4
2022-08-09,11294.592864254004,13.902864254005,PETR4,303,PETR4
2022-08-10,11258.232864254005,13.902864254005,PETR4,303,PETR4
2022-08-11,10997.652864254005,13.902864254005,PETR4,303,PETR4
2022-08-12,9622.032864254006,13.902864254005,PETR4,303,PETR4
2022-08-15,9195.994662456194,17.629662456194,BBAS3,427,BBAS3
2022-08-16,9240.829662456195,17.629662456194,BBAS3,427,BBAS3
2022-08-17,9157.564662456196,17.629662456194,BBAS3,427,BBAS3
2022-08-18,8946.199662456194,17.629662456194,BBAS3,427,BBAS3
2022-08-19,8781.804662456194,17.629662456194,BBAS3,427,BBAS3
2022-08-22,9085.228905133694,26.371762276550,MGLU3,249,MGLU3
2022-08-23,9867.800333705123,26.371762276550,MGLU3,249,MGLU3
2022-08-24,10697.800333705120,26.371762276550,MGLU3,249,MGLU3
2022-08-25,11124.657476562264,26.371762276550,MGLU3,249,MGLU3
2022-08-26,10887.514619419408,26.371762276550,MGLU3,249,MGLU3
2022-08-29,10745.228905133690,26.371762276550,MGLU3,249,MGLU3
2022-08-30,10721.514619419408,26.371762276550,MGLU3,249,MGLU3
2022-08-31,10152.371762276549,26.371762276550,MGLU3,249,MGLU3
2022-09-01,10389.514619419408,26.371762276550,MGLU3,249,MGLU3
2022-09-02,10128.657476562264,26.371762276550,MGLU3,249,MGLU3
2022-09-05,10270.943190847980,26.371762276550,MGLU3,249,MGLU3
2022-09-06,9512.086047990837,26.371762276550,MGLU3,249,MGLU3
2022-09-08,10199.800333705120,26.371762276550,MGLU3,249,MGLU3
2022-09-09,10413.228905133696,26.371762276550,MGLU3,249,MGLU3
2022-09-12,11361.800333705123,26.371762276550,MGLU3,249,MGLU3
2022-09-13,11172.086047990837,26.371762276550,MGLU3,249,MGLU3
2022-09-14,10626.657476562264,26.371762276550,MGLU3,249,MGLU3
2022-09-15,10318.371762276549,26.371762276550,MGLU3,249,MGLU3
2022-09-16,10602.943190847980,26.371762276550,MGLU3,249,MGLU3
2022-09-19,10840.086047990835,26.371762276550,MGLU3,249,MGLU3
2022-09-20,10602.943190847980,26.371762276550,MGLU3,249,MGLU3
2022-09-21,11290.657476562266,26.371762276550,MGLU3,249,MGLU3
2022-09-22,10934.943190847978,26.371762276550,MGLU3,249,MGLU3
2022-09-23,11006.086047990837,26.371762276550,MGLU3,249,MGLU3
2022-09-26,10857.606490728374,13.346490728374,EQTL3,406,EQTL3
2022-09-27,10630.246490728374,13.346490728374,EQTL3,406,EQTL3
2022-09-28,10609.946490728375,13.346490728374,EQTL3,406,EQTL3
2022-09-29,10573.406490728376,13.346490728374,EQTL3,406,EQTL3
2022-09-30,10934.746490728374,13.346490728374,EQTL3,406,EQTL3
2022-10-03,11624.946490728375,13.346490728374,EQTL3,406,EQTL3
2022-10-04,11503.146490728375,13.346490728374,EQTL3,406,EQTL3
2022-10-05,11657.426490728374,13.346490728374,EQTL3,406,EQTL3
2022-10-06,11446.306490728375,13.346490728374,EQTL3,406,EQTL3
2022-10-07,11381.346490728374,13.346490728374,EQTL3,406,EQTL3
2022-10-10,11250.853492420250,10.463492420251,CSMG3,721,CSMG3
2022-10-11,10940.823492420252,10.463492420251,CSMG3,721,CSMG3
2022-10-13,10674.053492420251,10.463492420251,CSMG3,721,CSMG3
2022-10-14,10378.443492420252,10.463492420251,CSMG3,721,CSMG3
2022-10-17,10352.498724818252,6.998724818252,PRIO3,330,PRIO3
2022-10-18,10642.898724818251,6.998724818252,PRIO3,330,PRIO3
2022-10-19,11038.898724818251,6.998724818252,PRIO3,330,PRIO3
2022-10-20,10966.298724818253,6.998724818252,PRIO3,330,PRIO3
2022-10-21,11177.498724818252,6.998724818252,PRIO3,330,PRIO3
2022-10-24,11071.587066215990,36.158494787422,MGLU3,284,MGLU3
2022-10-25,11639.587066215990,36.158494787422,MGLU3,284,MGLU3
2022-10-26,10611.777542406469,36.158494787422,MGLU3,284,MGLU3
2022-10-27,11450.253732882660,36.158494787422,MGLU3,284,MGLU3
2022-10-28,11883.015637644567,36.158494787422,MGLU3,284,MGLU3
2022-10-31,12442.224470442603,20.334470442603,PRIO3,351,PRIO3
2022-11-01,13052.964470442605,20.334470442603,PRIO3,351,PRIO3
2022-11-03,12916.074470442605,20.334470442603,PRIO3,351,PRIO3
2022-11-04,13235.484470442603,20.334470442603,PRIO3,351,PRIO3
2022-11-07,12803.754470442604,20.334470442603,PRIO3,351,PRIO3
2022-11-08,13158.264470442604,20.334470442603,PRIO3,351,PRIO3
2022-11-09,13084.554470442603,20.334470442603,PRIO3,351,PRIO3
2022-11-10,12859.914470442603,20.334470442603,PRIO3,351,PRIO3
2022-11-11,13253.034470442604,20.334470442603,PRIO3,351,PRIO3
2022-11-14,13533.834470442604,20.334470442603,PRIO3,351,PRIO3
2022-11-16,12751.104470442604,20.334470442603,PRIO3,351,PRIO3
2022-11-17,12586.134470442603,20.334470442603,PRIO3,351,PRIO3
2022-11-18,12129.834470442604,20.334470442603,PRIO3,351,PRIO3
2022-11-21,12159.975315462230,12.135315462230,VALE3,152,VALE3
2022-11-22,12193.415315462231,12.135315462230,VALE3,152,VALE3
2022-11-23,12313.495315462231,12.135315462230,VALE3,152,VALE3
2022-11-24,12392.535315462230,12.135315462230,VALE3,152,VALE3
2022-11-25,12308.935315462231,12.135315462230,VALE3,152,VALE3
2022-11-28,12603.218415410482,4.318415410482,PRIO3,361,PRIO3
2022-11-29,12740.398415410482,4.318415410482,PRIO3,361,PRIO3
2022-11-30,13018.368415410481,4.318415410482,PRIO3,361,PRIO3
2022-12-01,13253.018415410483,4.318415410482,PRIO3,361,PRIO3
2022-12-02,13249.408415410480,4.318415410482,PRIO3,361,PRIO3
2022-12-05,13147.552741761365,0.654069294553,GOAU4,1314,GOAU4
2022-12-06,13472.775872339629,0.654069294553,GOAU4,1314,GOAU4
2022-12-07,13502.341611483109,0.654069294553,GOAU4,1314,GOAU4
2022-12-08,13374.223408528032,0.654069294553,GOAU4,1314,GOAU4
2022-12-09,13610.749321675863,0.654069294553,GOAU4,1314,GOAU4
2022-12-12,13247.414422899674,75.644422899674,VALE3,153,VALE3
2022-12-13,13258.124422899673,75.644422899674,VALE3,153,VALE3
2022-12-14,13369.814422899673,75.644422899674,VALE3,153,VALE3
2022-12-15,13412.654422899674,75.644422899674,VALE3,153,VALE3
2022-12-16,13184.684422899674,75.644422899674,VALE3,153,VALE3
2022-12-19,13137.254422899674,75.644422899674,VALE3,153,VALE3
2022-12-20,13195.394422899673,75.644422899674,VALE3,153,VALE3
2022-12-21,13270.364422899673,75.644422899674,VALE3,153,VALE3
2022-12-22,13195.394422899673,75.644422899674,VALE3,153,VALE3
2022-12-23,13282.604422899672,75.644422899674,VALE3,153,VALE3
2022-12-26,13403.474422899673,75.644422899674,VALE3,153,VALE3
2022-12-27,13721.714422899673,75.644422899674,VALE3,153,VALE3
2022-12-28,13691.114422899673,75.644422899674,VALE3,153,VALE3
2022-12-29,13674.284422899673,75.644422899674,VALE3,153,VALE3
2023-01-02,13753.844422899674,75.644422899674,VALE3,153,VALE3
2023-01-03,13729.364422899673,75.644422899674,VALE3,153,VALE3
2023-01-04,13753.844422899674,75.644422899674,VALE3,153,VALE3
2023-01-05,13983.344422899674,75.644422899674,VALE3,153,VALE3
2023-01-06,14203.664422899674,75.644422899674,VALE3,153,VALE3
2023-01-09,14218.964422899673,75.644422899674,VALE3,153,VALE3
2023-01-10,14393.384422899673,75.644422899674,VALE3,153,VALE3
2023-01-11,14342.894422899673,75.644422899674,VALE3,153,VALE3
2023-01-12,14417.864422899673,75.644422899674,VALE3,153,VALE3
2023-01-13,14430.104422899672,75.644422899674,VALE3,153,VALE3
2023-01-16,14189.894422899673,75.644422899674,VALE3,153,VALE3
2023-01-17,14171.534422899673,75.644422899674,VALE3,153,VALE3
2023-01-18,14356.664422899674,75.644422899674,VALE3,153,VALE3
2023-01-19,14417.864422899673,75.644422899674,VALE3,153,VALE3
2023-01-20,14456.114422899673,75.644422899674,VALE3,153,VALE3
2023-01-23,14244.613039767801,15.613039767801,BRAP4,450,BRAP4
2023-01-24,14406.613039767801,15.613039767801,BRAP4,450,BRAP4
2023-01-25,14519.113039767799,15.613039767801,BRAP4,450,BRAP4
2023-01-26,14802.613039767801,15.613039767801,BRAP4,450,BRAP4
2023-01-27,14415.613039767801,15.613039767801,BRAP4,450,BRAP4
2023-01-30,14448.627611325928,9.927611325928,CSNA3,789,CSNA3
2023-01-31,14606.427611325928,9.927611325928,CSNA3,789,CSNA3
2023-02-01,14614.317611325929,9.927611325928,CSNA3,789,CSNA3
2023-02-02,13817.427611325928,9.927611325928,CSNA3,789,CSNA3
2023-02-03,13919.997611325927,9.927611325928,CSNA3,789,CSNA3
2023-02-06,13480.653835884677,28.653835884680,MGLU3,342,MGLU3
2023-02-07,13220.082407313250,28.653835884680,MGLU3,342,MGLU3
2023-02-08,13773.796693027536,28.653835884680,MGLU3,342,MGLU3
2023-02-09,13415.510978741822,28.653835884680,MGLU3,342,MGLU3
2023-02-10,13024.653835884679,28.653835884680,MGLU3,342,MGLU3
2023-02-13,13480.653835884677,28.653835884680,MGLU3,342,MGLU3
2023-02-14,13252.653835884676,28.653835884680,MGLU3,342,MGLU3
2023-02-15,12698.939550170395,28.653835884680,MGLU3,342,MGLU3
2023-02-16,12438.368121598965,28.653835884680,MGLU3,342,MGLU3
2023-02-17,11949.796693027538,28.653835884680,MGLU3,342,MGLU3
2023-02-22,11493.796693027536,28.653835884680,MGLU3,342,MGLU3
2023-02-23,11624.082407313250,28.653835884680,MGLU3,342,MGLU3
2023-02-24,11786.939550170393,28.653835884680,MGLU3,342,MGLU3
2023-02-27,11847.959536210919,8.714536210919,BBAS3,593,BBAS3
2023-02-28,11957.664536210918,8.714536210919,BBAS3,593,BBAS3
2023-03-01,11572.214536210919,8.714536210919,BBAS3,593,BBAS3
2023-03-02,11106.709536210919,8.714536210919,BBAS3,593,BBAS3
2023-03-03,11231.239536210918,8.714536210919,BBAS3,593,BBAS3
2023-03-06,11758.162897581838,0.734326153269,MGLU3,387,MGLU3
2023-03-07,11868.734326153268,0.734326153269,MGLU3,387,MGLU3
2023-03-08,12642.734326153270,0.734326153269,MGLU3,387,MGLU3
2023-03-09,12495.305754724695,0.734326153269,MGLU3,387,MGLU3
2023-03-10,12532.162897581838,0.734326153269,MGLU3,387,MGLU3
2023-03-13,12366.938003353269,12366.938003353269,CASH,0,CASH
2023-03-14,12366.938003353269,12366.938003353269,CASH,0,CASH
2023-03-15,12366.938003353269,12366.938003353269,CASH,0,CASH
2023-03-16,12366.938003353269,12366.938003353269,CASH,0,CASH
2023-03-17,12366.938003353269,12366.938003353269,CASH,0,CASH
2023-03-20,11901.949784853276,29.949784853275,MGLU3,336,MGLU3
2023-03-21,11869.949784853276,29.949784853275,MGLU3,336,MGLU3
2023-03-22,11517.949784853276,29.949784853275,MGLU3,336,MGLU3
2023-03-23,9981.949784853276,29.949784853275,MGLU3,336,MGLU3
2023-03-24,10365.949784853276,29.949784853275,MGLU3,336,MGLU3
2023-03-27,10717.949784853274,29.949784853275,MGLU3,336,MGLU3
2023-03-28,10845.949784853276,29.949784853275,MGLU3,336,MGLU3
2023-03-29,10749.949784853276,29.949784853275,MGLU3,336,MGLU3
2023-03-30,11037.949784853276,29.949784853275,MGLU3,336,MGLU3
2023-03-31,10621.949784853277,29.949784853275,MGLU3,336,MGLU3
2023-04-03,10622.028638385740,19.408638385740,MULT3,434,MULT3
2023-04-04,10856.388638385741,19.408638385740,MULT3,434,MULT3
2023-04-05,10917.148638385741,19.408638385740,MULT3,434,MULT3
2023-04-06,11008.288638385742,19.408638385740,MULT3,434,MULT3
2023-04-10,10912.618404737741,2.868404737741,UGPA3,755,UGPA3
2023-04-11,11124.018404737741,2.868404737741,UGPA3,755,UGPA3
2023-04-12,11244.818404737742,2.868404737741,UGPA3,755,UGPA3
2023-04-13,11124.018404737741,2.868404737741,UGPA3,755,UGPA3
2023-04-14,11184.418404737742,2.868404737741,UGPA3,755,UGPA3
2023-04-17,10920.168404737742,2.868404737741,UGPA3,755,UGPA3
2023-04-18,11010.768404737741,2.868404737741,UGPA3,755,UGPA3
2023-04-19,10950.368404737741,2.868404737741,UGPA3,755,UGPA3
2023-04-20,10844.668404737740,2.868404737741,UGPA3,755,UGPA3
2023-04-24,11467.710002377742,5.410002377741,IRBR3,415,IRBR3
2023-04-25,11106.660002377741,5.410002377741,IRBR3,415,IRBR3
2023-04-26,11666.910002377741,5.410002377741,IRBR3,415,IRBR3
2023-04-27,11729.160002377741,5.410002377741,IRBR3,415,IRBR3
2023-04-28,13065.460002377740,5.410002377741,IRBR3,415,IRBR3
2023-05-02,13161.750876769751,22.233531370055,RADL3,524,RADL3
2023-05-03,12954.284813421336,22.233531370055,RADL3,524,RADL3
2023-05-04,13058.017845095548,22.233531370055,RADL3,524,RADL3
2023-05-05,13151.871540419828,22.233531370055,RADL3,524,RADL3
2023-05-08,13479.501805245203,11.851805245203,UGPA3,805,UGPA3
2023-05-09,13487.551805245203,11.851805245203,UGPA3,805,UGPA3
2023-05-10,13350.701805245204,11.851805245203,UGPA3,805,UGPA3
2023-05-11,13865.901805245205,11.851805245203,UGPA3,805,UGPA3
2023-05-12,13632.451805245206,11.851805245203,UGPA3,805,UGPA3
2023-05-15,13729.898118291725,5.898118291724,MGLU3,329,MGLU3
2023-05-16,10596.564784958389,5.898118291724,MGLU3,329,MGLU3
2023-05-17,10533.898118291723,5.898118291724,MGLU3,329,MGLU3
2023-05-18,11097.898118291723,5.898118291724,MGLU3,329,MGLU3
2023-05-19,11411.231451625055,5.898118291724,MGLU3,329,MGLU3
2023-05-22,11010.810943258510,9.810943258510,MRVE3,1158,MRVE3
2023-05-23,10756.050943258510,9.810943258510,MRVE3,1158,MRVE3
2023-05-24,10547.610943258509,9.810943258510,MRVE3,1158,MRVE3
2023-05-25,11636.130943258509,9.810943258510,MRVE3,1158,MRVE3
2023-05-26,11497.170943258510,9.810943258510,MRVE3,1158,MRVE3
2023-05-29,11807.421433314010,6.441433314011,IRBR3,318,IRBR3
2023-05-30,12316.221433314011,6.441433314011,IRBR3,318,IRBR3
2023-05-31,12090.441433314010,6.441433314011,IRBR3,318,IRBR3
2023-06-01,12433.881433314009,6.441433314011,IRBR3,318,IRBR3
2023-06-02,12392.541433314011,6.441433314011,IRBR3,318,IRBR3
2023-06-05,12475.221433314011,6.441433314011,IRBR3,318,IRBR3
2023-06-06,12993.561433314011,6.441433314011,IRBR3,318,IRBR3
2023-06-07,12182.661433314010,6.441433314011,IRBR3,318,IRBR3
2023-06-09,12087.261433314012,6.441433314011,IRBR3,318,IRBR3
2023-06-12,11998.221433314011,6.441433314011,IRBR3,318,IRBR3
2023-06-13,11883.741433314011,6.441433314011,IRBR3,318,IRBR3
2023-06-14,12163.581433314010,6.441433314011,IRBR3,318,IRBR3
2023-06-15,12154.041433314011,6.441433314011,IRBR3,318,IRBR3
2023-06-16,12249.441433314010,6.441433314011,IRBR3,318,IRBR3
2023-06-19,12299.878306430634,2.908306430634,MRVE3,1043,MRVE3
2023-06-20,12268.588306430634,2.908306430634,MRVE3,1043,MRVE3
2023-06-21,12414.608306430635,2.908306430634,MRVE3,1043,MRVE3
2023-06-22,11788.808306430636,2.908306430634,MRVE3,1043,MRVE3
2023-06-23,11601.068306430634,2.908306430634,MRVE3,1043,MRVE3
2023-06-26,11079.951568983635,12.651568983634,IRBR3,270,IRBR3
2023-06-27,11082.651568983634,12.651568983634,IRBR3,270,IRBR3
2023-06-28,11298.651568983634,12.651568983634,IRBR3,270,IRBR3
2023-06-29,11798.151568983634,12.651568983634,IRBR3,270,IRBR3
2023-06-30,11771.151568983634,12.651568983634,IRBR3,270,IRBR3
2023-07-03,11852.151568983634,12.651568983634,IRBR3,270,IRBR3
2023-07-04,11706.351568983635,12.651568983634,IRBR3,270,IRBR3
2023-07-05,12540.651568983634,12.651568983634,IRBR3,270,IRBR3
2023-07-06,13169.751568983633,12.651568983634,IRBR3,270,IRBR3
2023-07-07,14149.851568983635,12.651568983634,IRBR3,270,IRBR3
2023-07-10,13837.460478014886,4.460478014885,MRVE3,1060,MRVE3
2023-07-11,13784.460478014886,4.460478014885,MRVE3,1060,MRVE3
2023-07-12,13954.060478014886,4.460478014885,MRVE3,1060,MRVE3
2023-07-13,13784.460478014886,4.460478014885,MRVE3,1060,MRVE3
2023-07-14,13625.460478014886,4.460478014885,MRVE3,1060,MRVE3
2023-07-17,14028.260478014887,4.460478014885,MRVE3,1060,MRVE3
2023-07-18,14378.060478014886,4.460478014885,MRVE3,1060,MRVE3
2023-07-19,14621.860478014885,4.460478014885,MRVE3,1060,MRVE3
2023-07-20,14420.460478014886,4.460478014885,MRVE3,1060,MRVE3
2023-07-21,14579.460478014886,4.460478014885,MRVE3,1060,MRVE3
2023-07-24,14823.260478014887,4.460478014885,MRVE3,1060,MRVE3
2023-07-25,14971.660478014885,4.460478014885,MRVE3,1060,MRVE3
2023-07-26,14992.860478014887,4.460478014885,MRVE3,1060,MRVE3
2023-07-27,14674.860478014885,4.460478014885,MRVE3,1060,MRVE3
2023-07-28,14780.860478014885,4.460478014885,MRVE3,1060,MRVE3
2023-07-31,14738.460478014886,4.460478014885,MRVE3,1060,MRVE3
2023-08-01,14727.860478014887,4.460478014885,MRVE3,1060,MRVE3
2023-08-02,14738.460478014886,4.460478014885,MRVE3,1060,MRVE3
2023-08-03,14717.260478014887,4.460478014885,MRVE3,1060,MRVE3
2023-08-04,14780.860478014885,4.460478014885,MRVE3,1060,MRVE3
2023-08-07,14759.660478014886,4.460478014885,MRVE3,1060,MRVE3
2023-08-08,14876.260478014885,4.460478014885,MRVE3,1060,MRVE3
2023-08-09,14579.460478014886,4.460478014885,MRVE3,1060,MRVE3
2023-08-10,14335.660478014885,4.460478014885,MRVE3,1060,MRVE3
2023-08-11,14102.460478014886,4.460478014885,MRVE3,1060,MRVE3
2023-08-14,14116.247457679889,25.147457679886,BBSE3,430,BBSE3
2023-08-15,14021.647457679885,25.147457679886,BBSE3,430,BBSE3
2023-08-16,14017.347457679885,25.147457679886,BBSE3,430,BBSE3
2023-08-17,12778.947457679886,25.147457679886,BBSE3,430,BBSE3
2023-08-18,12873.547457679886,25.147457679886,BBSE3,430,BBSE3
2023-08-21,11686.762294699885,14.962294699885,IRBR3,294,IRBR3
2023-08-22,12753.982294699883,14.962294699885,IRBR3,294,IRBR3
2023-08-23,12989.182294699885,14.962294699885,IRBR3,294,IRBR3
2023-08-24,13250.842294699885,14.962294699885,IRBR3,294,IRBR3
2023-08-25,13294.942294699886,14.962294699885,IRBR3,294,IRBR3
2023-08-28,13436.062294699885,14.962294699885,IRBR3,294,IRBR3
2023-08-29,13982.902294699883,14.962294699885,IRBR3,294,IRBR3
2023-08-30,13256.722294699885,14.962294699885,IRBR3,294,IRBR3
2023-08-31,12645.202294699884,14.962294699885,IRBR3,294,IRBR3
2023-09-01,12336.502294699883,14.962294699885,IRBR3,294,IRBR3
2023-09-04,12276.874540004887,18.444540004886,PRIO3,263,PRIO3
2023-09-05,12508.314540004887,18.444540004886,PRIO3,263,PRIO3
2023-09-06,12324.214540004887,18.444540004886,PRIO3,263,PRIO3
2023-09-08,12508.314540004887,18.444540004886,PRIO3,263,PRIO3
2023-09-11,12566.174540004886,18.444540004886,PRIO3,263,PRIO3
2023-09-12,12671.374540004887,18.444540004886,PRIO3,263,PRIO3
2023-09-13,12695.044540004887,18.444540004886,PRIO3,263,PRIO3
2023-09-14,12971.194540004886,18.444540004886,PRIO3,263,PRIO3
2023-09-15,13010.644540004885,18.444540004886,PRIO3,263,PRIO3
2023-09-18,12684.524540004886,18.444540004886,PRIO3,263,PRIO3
2023-09-19,12829.174540004886,18.444540004886,PRIO3,263,PRIO3
2023-09-20,12829.174540004886,18.444540004886,PRIO3,263,PRIO3
2023-09-21,12232.164540004886,18.444540004886,PRIO3,263,PRIO3
2023-09-22,12316.324540004885,18.444540004886,PRIO3,263,PRIO3
2023-09-25,12360.456218080511,30.456218080512,PETR4,360,PETR4
2023-09-26,12076.056218080512,30.456218080512,PETR4,360,PETR4
2023-09-27,12457.656218080512,30.456218080512,PETR4,360,PETR4
2023-09-28,12432.456218080513,30.456218080512,PETR4,360,PETR4
2023-09-29,12500.856218080511,30.456218080512,PETR4,360,PETR4
2023-10-02,12461.219723454260,44.839723454261,SUZB3,229,SUZB3
2023-10-03,12703.959723454262,44.839723454261,SUZB3,229,SUZB3
2023-10-04,12639.839723454261,44.839723454261,SUZB3,229,SUZB3
2023-10-05,12699.379723454260,44.839723454261,SUZB3,229,SUZB3
2023-10-06,12914.639723454262,44.839723454261,SUZB3,229,SUZB3
2023-10-09,13029.139723454262,44.839723454261,SUZB3,229,SUZB3
2023-10-10,12971.889723454262,44.839723454261,SUZB3,229,SUZB3
2023-10-11,13017.689723454261,44.839723454261,SUZB3,229,SUZB3
2023-10-13,13455.079723454261,44.839723454261,SUZB3,229,SUZB3
2023-10-16,13182.569723454260,44.839723454261,SUZB3,229,SUZB3
2023-10-17,13205.469723454260,44.839723454261,SUZB3,229,SUZB3
2023-10-18,12887.159723454261,44.839723454261,SUZB3,229,SUZB3
2023-10-19,12864.259723454261,44.839723454261,SUZB3,229,SUZB3
2023-10-20,12616.939723454261,44.839723454261,SUZB3,229,SUZB3
2023-10-23,12077.037739495887,22.687739495887,PETR4,341,PETR4
2023-10-24,12257.767739495888,22.687739495887,PETR4,341,PETR4
2023-10-25,12322.557739495887,22.687739495887,PETR4,341,PETR4
2023-10-26,12196.387739495887,22.687739495887,PETR4,341,PETR4
2023-10-27,12107.727739495886,22.687739495887,PETR4,341,PETR4
2023-10-30,11998.226504961136,8.906504961136,UGPA3,588,UGPA3
2023-10-31,12033.506504961137,8.906504961136,UGPA3,588,UGPA3
2023-11-01,12480.386504961138,8.906504961136,UGPA3,588,UGPA3
2023-11-03,12556.826504961136,8.906504961136,UGPA3,588,UGPA3
2023-11-06,12850.826504961136,8.906504961136,UGPA3,588,UGPA3
2023-11-07,12944.906504961136,8.906504961136,UGPA3,588,UGPA3
2023-11-08,13885.706504961137,8.906504961136,UGPA3,588,UGPA3
2023-11-09,13791.626504961137,8.906504961136,UGPA3,588,UGPA3
2023-11-10,13779.866504961137,8.906504961136,UGPA3,588,UGPA3
2023-11-13,14085.626504961137,8.906504961136,UGPA3,588,UGPA3
2023-11-14,14414.906504961136,8.906504961136,UGPA3,588,UGPA3
2023-11-16,14508.986504961136,8.906504961136,UGPA3,588,UGPA3
2023-11-17,14485.466504961138,8.906504961136,UGPA3,588,UGPA3
2023-11-20,14802.986504961136,8.906504961136,UGPA3,588,UGPA3
2023-11-21,14579.546504961138,8.906504961136,UGPA3,588,UGPA3
2023-11-22,14432.546504961138,8.906504961136,UGPA3,588,UGPA3
2023-11-23,14385.506504961137,8.906504961136,UGPA3,588,UGPA3
2023-11-24,14320.826504961136,8.906504961136,UGPA3,588,UGPA3
2023-11-27,14385.506504961137,8.906504961136,UGPA3,588,UGPA3
2023-11-28,14679.506504961137,8.906504961136,UGPA3,588,UGPA3
2023-11-29,14544.266504961135,8.906504961136,UGPA3,588,UGPA3
2023-11-30,14855.906504961136,8.906504961136,UGPA3,588,UGPA3
2023-12-01,15055.826504961136,8.906504961136,UGPA3,588,UGPA3
2023-12-04,14991.146504961136,8.906504961136,UGPA3,588,UGPA3
2023-12-05,14661.866504961137,8.906504961136,UGPA3,588,UGPA3
2023-12-06,15032.306504961136,8.906504961136,UGPA3,588,UGPA3
2023-12-07,15002.906504961136,8.906504961136,UGPA3,588,UGPA3
2023-12-08,15238.106504961135,8.906504961136,UGPA3,588,UGPA3
2023-12-11,15149.325224350892,14.705224350891,CSNA3,883,CSNA3
2023-12-12,15158.155224350890,14.705224350891,CSNA3,883,CSNA3
2023-12-13,15484.865224350891,14.705224350891,CSNA3,883,CSNA3
2023-12-14,15564.335224350891,14.705224350891,CSNA3,883,CSNA3
2023-12-15,15935.195224350893,14.705224350891,CSNA3,883,CSNA3
2023-12-18,16376.695224350893,14.705224350891,CSNA3,883,CSNA3
2023-12-19,16526.805224350890,14.705224350891,CSNA3,883,CSNA3
2023-12-20,16244.245224350891,14.705224350891,CSNA3,883,CSNA3
2023-12-21,16835.855224350893,14.705224350891,CSNA3,883,CSNA3
2023-12-22,16888.835224350893,14.705224350891,CSNA3,883,CSNA3
2023-12-26,17109.585224350893,14.705224350891,CSNA3,883,CSNA3
2023-12-27,17242.035224350893,14.705224350891,CSNA3,883,CSNA3
2023-12-28,17374.485224350890,14.705224350891,CSNA3,883,CSNA3
2024-01-02,17153.735224350890,14.705224350891,CSNA3,883,CSNA3
2024-01-03,17303.845224350891,14.705224350891,CSNA3,883,CSNA3
2024-01-04,17047.775224350891,14.705224350891,CSNA3,883,CSNA3
2024-01-05,17003.625224350890,14.705224350891,CSNA3,883,CSNA3
2024-01-08,18051.334406760696,17.620121046412,MGLU3,906,MGLU3
2024-01-09,18482.762978189272,17.620121046412,MGLU3,906,MGLU3
2024-01-10,18827.905835332127,17.620121046412,MGLU3,906,MGLU3
2024-01-11,18827.905835332127,17.620121046412,MGLU3,906,MGLU3
2024-01-12,19518.191549617837,17.620121046412,MGLU3,906,MGLU3
2024-01-15,19744.784000937114,18.834000937115,CSAN3,1009,CSAN3
2024-01-16,18533.984000937115,18.834000937115,CSAN3,1009,CSAN3
2024-01-17,18291.824000937111,18.834000937115,CSAN3,1009,CSAN3
2024-01-18,17999.214000937114,18.834000937115,CSAN3,1009,CSAN3
2024-01-19,18271.644000937114,18.834000937115,CSAN3,1009,CSAN3
2024-01-22,18359.122865294990,36.922865294988,PETR4,486,PETR4
2024-01-23,18587.542865294992,36.922865294988,PETR4,486,PETR4
2024-01-24,18446.602865294990,36.922865294988,PETR4,486,PETR4
2024-01-25,19127.002865294991,36.922865294988,PETR4,486,PETR4
2024-01-26,19457.482865294991,36.922865294988,PETR4,486,PETR4
2024-01-29,19326.995087709485,17.555087709486,CSNA3,1068,CSNA3
2024-01-30,19145.435087709488,17.555087709486,CSNA3,1068,CSNA3
2024-01-31,18953.195087709486,17.555087709486,CSNA3,1068,CSNA3
2024-02-01,18782.315087709489,17.555087709486,CSNA3,1068,CSNA3
2024-02-02,18301.715087709486,17.555087709486,CSNA3,1068,CSNA3
2024-02-05,18212.316452022114,38.706452022113,PETR4,441,PETR4
2024-02-06,18379.896452022116,38.706452022113,PETR4,441,PETR4
2024-02-07,18648.906452022115,38.706452022113,PETR4,441,PETR4
2024-02-08,18498.966452022112,38.706452022113,PETR4,441,PETR4
2024-02-09,18252.006452022113,38.706452022113,PETR4,441,PETR4
2024-02-14,17961.250337689122,7.890337689123,UGPA3,614,UGPA3
2024-02-15,18096.330337689124,7.890337689123,UGPA3,614,UGPA3
2024-02-16,18323.510337689120,7.890337689123,UGPA3,614,UGPA3
2024-02-19,18610.500176131623,7.540176131623,USIM5,1831,USIM5
2024-02-20,18921.770176131624,7.540176131623,USIM5,1831,USIM5
2024-02-21,18958.390176131623,7.540176131623,USIM5,1831,USIM5
2024-02-22,19507.690176131626,7.540176131623,USIM5,1831,USIM5
2024-02-23,19599.240176131621,7.540176131623,USIM5,1831,USIM5
2024-02-26,20047.478924994375,2.678924994376,BRKM5,960,BRKM5
2024-02-27,20277.878924994377,2.678924994376,BRKM5,960,BRKM5
2024-02-28,19817.078924994377,2.678924994376,BRKM5,960,BRKM5
2024-02-29,20201.078924994374,2.678924994376,BRKM5,960,BRKM5
2024-03-01,21017.078924994377,2.678924994376,BRKM5,960,BRKM5
2024-03-04,21257.078924994377,2.678924994376,BRKM5,960,BRKM5
2024-03-05,20249.078924994377,2.678924994376,BRKM5,960,BRKM5
2024-03-06,19413.878924994373,2.678924994376,BRKM5,960,BRKM5
2024-03-07,19605.878924994377,2.678924994376,BRKM5,960,BRKM5
2024-03-08,19346.678924994376,2.678924994376,BRKM5,960,BRKM5
2024-03-11,18794.896170221193,14.022117427453,SBSP3,1240,SBSP3
2024-03-12,18547.209867092159,14.022117427453,SBSP3,1240,SBSP3
2024-03-13,18487.091832352104,14.022117427453,SBSP3,1240,SBSP3
2024-03-14,18407.736026495229,14.022117427453,SBSP3,1240,SBSP3
2024-03-15,18410.140747884830,14.022117427453,SBSP3,1240,SBSP3
2024-03-18,18394.856914508036,18.806914508038,SUZB3,301,SUZB3
2024-03-19,18936.656914508039,18.806914508038,SUZB3,301,SUZB3
2024-03-20,18698.866914508038,18.806914508038,SUZB3,301,SUZB3
2024-03-21,18692.846914508038,18.806914508038,SUZB3,301,SUZB3
2024-03-22,18725.956914508035,18.806914508038,SUZB3,301,SUZB3
2024-03-25,18045.449073926666,11.929073926664,BRKM5,692,BRKM5
2024-03-26,18163.089073926665,11.929073926664,BRKM5,692,BRKM5
2024-03-27,18986.569073926665,11.929073926664,BRKM5,692,BRKM5
2024-03-28,18280.729073926665,11.929073926664,BRKM5,692,BRKM5
2024-04-01,18411.419962381668,47.549962381669,SUZB3,283,SUZB3
2024-04-02,18507.639962381669,47.549962381669,SUZB3,283,SUZB3
2024-04-03,18329.349962381668,47.549962381669,SUZB3,283,SUZB3
2024-04-04,18125.589962381669,47.549962381669,SUZB3,283,SUZB3
2024-04-05,17822.779962381668,47.549962381669,SUZB3,283,SUZB3
2024-04-08,17763.349962381668,47.549962381669,SUZB3,283,SUZB3
2024-04-09,17675.619962381668,47.549962381669,SUZB3,283,SUZB3
2024-04-10,17525.629962381667,47.549962381669,SUZB3,283,SUZB3
2024-04-11,17369.979962381669,47.549962381669,SUZB3,283,SUZB3
2024-04-12,17367.149962381671,47.549962381669,SUZB3,283,SUZB3
2024-04-15,17019.449155379425,35.549155379424,PRIO3,339,PRIO3
2024-04-16,16917.749155379424,35.549155379424,PRIO3,339,PRIO3
2024-04-17,16555.019155379421,35.549155379424,PRIO3,339,PRIO3
2024-04-18,16727.909155379424,35.549155379424,PRIO3,339,PRIO3
2024-04-19,16578.749155379424,35.549155379424,PRIO3,339,PRIO3
2024-04-22,16307.549155379424,35.549155379424,PRIO3,339,PRIO3
2024-04-23,16707.569155379424,35.549155379424,PRIO3,339,PRIO3
2024-04-24,16453.319155379424,35.549155379424,PRIO3,339,PRIO3
2024-04-25,16778.759155379423,35.549155379424,PRIO3,339,PRIO3
2024-04-26,16731.299155379424,35.549155379424,PRIO3,339,PRIO3
2024-04-29,16836.389155379424,35.549155379424,PRIO3,339,PRIO3
2024-04-30,16307.549155379424,35.549155379424,PRIO3,339,PRIO3
2024-05-02,16110.929155379425,35.549155379424,PRIO3,339,PRIO3
2024-05-03,15883.799155379424,35.549155379424,PRIO3,339,PRIO3
2024-05-06,15819.333841647052,7.453841647053,CMIG4,1516,CMIG4
2024-05-07,15652.573841647054,7.453841647053,CMIG4,1516,CMIG4
2024-05-08,15773.853841647053,7.453841647053,CMIG4,1516,CMIG4
2024-05-09,15591.933841647053,7.453841647053,CMIG4,1516,CMIG4
2024-05-10,15364.533841647055,7.453841647053,CMIG4,1516,CMIG4
2024-05-13,15425.173841647053,7.453841647053,CMIG4,1516,CMIG4
2024-05-14,15667.733841647054,7.453841647053,CMIG4,1516,CMIG4
2024-05-15,15895.133841647053,7.453841647053,CMIG4,1516,CMIG4
2024-05-16,15667.733841647054,7.453841647053,CMIG4,1516,CMIG4
2024-05-17,15758.693841647055,7.453841647053,CMIG4,1516,CMIG4
2024-05-20,15925.453841647053,7.453841647053,CMIG4,1516,CMIG4
2024-05-21,16243.813841647054,7.453841647053,CMIG4,1516,CMIG4
2024-05-22,15849.653841647052,7.453841647053,CMIG4,1516,CMIG4
2024-05-23,15743.533841647055,7.453841647053,CMIG4,1516,CMIG4
2024-05-24,15743.533841647055,7.453841647053,CMIG4,1516,CMIG4
2024-05-27,15758.693841647055,7.453841647053,CMIG4,1516,CMIG4
2024-05-28,15485.813841647054,7.453841647053,CMIG4,1516,CMIG4
2024-05-29,15319.053841647054,7.453841647053,CMIG4,1516,CMIG4
2024-05-31,15091.653841647052,7.453841647053,CMIG4,1516,CMIG4
2024-06-03,15425.173841647053,7.453841647053,CMIG4,1516,CMIG4
2024-06-04,15546.453841647053,7.453841647053,CMIG4,1516,CMIG4
2024-06-05,15622.253841647054,7.453841647053,CMIG4,1516,CMIG4
2024-06-06,15834.493841647052,7.453841647053,CMIG4,1516,CMIG4
2024-06-07,15440.333841647052,7.453841647053,CMIG4,1516,CMIG4
2024-06-10,15394.853841647053,7.453841647053,CMIG4,1516,CMIG4
2024-06-11,15531.293841647053,7.453841647053,CMIG4,1516,CMIG4
2024-06-12,15121.973841647054,7.453841647053,CMIG4,1516,CMIG4
2024-06-13,15379.693841647055,7.453841647053,CMIG4,1516,CMIG4
2024-06-14,15182.613841647053,7.453841647053,CMIG4,1516,CMIG4
2024-06-17,15222.381535843058,24.541535843056,WEGE3,392,WEGE3
2024-06-18,15257.661535843055,24.541535843056,WEGE3,392,WEGE3
2024-06-19,15630.061535843057,24.541535843056,WEGE3,392,WEGE3
2024-06-20,16010.301535843057,24.541535843056,WEGE3,392,WEGE3
2024-06-21,16127.901535843055,24.541535843056,WEGE3,392,WEGE3
2024-06-24,16045.581535843055,24.541535843056,WEGE3,392,WEGE3
2024-06-25,16319.981535843057,24.541535843056,WEGE3,392,WEGE3
2024-06-26,16468.941535843056,24.541535843056,WEGE3,392,WEGE3
2024-06-27,16370.941535843058,24.541535843056,WEGE3,392,WEGE3
2024-06-28,16563.021535843054,24.541535843056,WEGE3,392,WEGE3
2024-07-01,16476.781535843053,24.541535843056,WEGE3,392,WEGE3
2024-07-02,16500.301535843057,24.541535843056,WEGE3,392,WEGE3
2024-07-03,16531.661535843054,24.541535843056,WEGE3,392,WEGE3
2024-07-04,16445.421535843056,24.541535843056,WEGE3,392,WEGE3
2024-07-05,16563.021535843054,24.541535843056,WEGE3,392,WEGE3
2024-07-08,17456.781535843053,24.541535843056,WEGE3,392,WEGE3
2024-07-09,17488.141535843053,24.541535843056,WEGE3,392,WEGE3
2024-07-10,17292.141535843053,24.541535843056,WEGE3,392,WEGE3
2024-07-11,17648.861535843054,24.541535843056,WEGE3,392,WEGE3
2024-07-12,18009.501535843057,24.541535843056,WEGE3,392,WEGE3
2024-07-15,17920.500006663664,9.535720949378,EGIE3,541,EGIE3
2024-07-16,17959.142863806523,9.535720949378,EGIE3,541,EGIE3
2024-07-17,17990.057149520806,9.535720949378,EGIE3,541,EGIE3
2024-07-18,17812.300006663663,9.535720949378,EGIE3,541,EGIE3
2024-07-19,17630.678578092236,9.535720949378,EGIE3,541,EGIE3
2024-07-22,17421.859211338255,16.129211338254,WEGE3,369,WEGE3
2024-07-23,17377.579211338256,16.129211338254,WEGE3,369,WEGE3
2024-07-24,17229.979211338254,16.129211338254,WEGE3,369,WEGE3
2024-07-25,16971.679211338254,16.129211338254,WEGE3,369,WEGE3
2024-07-26,17329.609211338255,16.129211338254,WEGE3,369,WEGE3
2024-07-29,17167.249211338254,16.129211338254,WEGE3,369,WEGE3
2024-07-30,16938.469211338255,16.129211338254,WEGE3,369,WEGE3
2024-07-31,18709.669211338252,16.129211338254,WEGE3,369,WEGE3
2024-08-01,19514.089211338258,16.129211338254,WEGE3,369,WEGE3
2024-08-02,18399.709211338257,16.129211338254,WEGE3,369,WEGE3
2024-08-05,18045.469211338255,16.129211338254,WEGE3,369,WEGE3
2024-08-06,18086.059211338255,16.129211338254,WEGE3,369,WEGE3
2024-08-07,17846.209211338257,16.129211338254,WEGE3,369,WEGE3
2024-08-08,18351.739211338256,16.129211338254,WEGE3,369,WEGE3
2024-08-09,18355.429211338254,16.129211338254,WEGE3,369,WEGE3
2024-08-12,18680.149211338256,16.129211338254,WEGE3,369,WEGE3
2024-08-13,18883.099211338256,16.129211338254,WEGE3,369,WEGE3
2024-08-14,19034.389211338254,16.129211338254,WEGE3,369,WEGE3
2024-08-15,19462.429211338254,16.129211338254,WEGE3,369,WEGE3
2024-08-16,19665.379211338255,16.129211338254,WEGE3,369,WEGE3
2024-08-19,20354.816743167881,26.816743167881,IRBR3,440,IRBR3
2024-08-20,20218.416743167880,26.816743167881,IRBR3,440,IRBR3
2024-08-21,20728.816743167881,26.816743167881,IRBR3,440,IRBR3
2024-08-22,20632.016743167882,26.816743167881,IRBR3,440,IRBR3
2024-08-23,21116.016743167882,26.816743167881,IRBR3,440,IRBR3
2024-08-26,21410.816743167881,26.816743167881,IRBR3,440,IRBR3
2024-08-27,21556.016743167882,26.816743167881,IRBR3,440,IRBR3
2024-08-28,21586.816743167881,26.816743167881,IRBR3,440,IRBR3
2024-08-29,21441.616743167880,26.816743167881,IRBR3,440,IRBR3
2024-08-30,21314.016743167882,26.816743167881,IRBR3,440,IRBR3
2024-09-02,21727.616743167880,26.816743167881,IRBR3,440,IRBR3
2024-09-03,22889.216743167883,26.816743167881,IRBR3,440,IRBR3
2024-09-04,21454.816743167881,26.816743167881,IRBR3,440,IRBR3
2024-09-05,22770.416743167880,26.816743167881,IRBR3,440,IRBR3
2024-09-06,21978.416743167880,26.816743167881,IRBR3,440,IRBR3
2024-09-09,21779.239834977259,12.489834977260,WEGE3,415,WEGE3
2024-09-10,21961.839834977258,12.489834977260,WEGE3,415,WEGE3
2024-09-11,22214.989834977259,12.489834977260,WEGE3,415,WEGE3
2024-09-12,22136.139834977261,12.489834977260,WEGE3,415,WEGE3
2024-09-13,22264.789834977259,12.489834977260,WEGE3,415,WEGE3
2024-09-16,22058.545085867754,0.135085867755,JHSF3,4891,JHSF3
2024-09-17,22107.455085867754,0.135085867755,JHSF3,4891,JHSF3
2024-09-18,22303.095085867753,0.135085867755,JHSF3,4891,JHSF3
2024-09-19,21227.075085867753,0.135085867755,JHSF3,4891,JHSF3
2024-09-20,20444.515085867752,0.135085867755,JHSF3,4891,JHSF3
2024-09-23,20131.781803476180,6.781803476180,LREN3,1250,LREN3
2024-09-24,21211.327258021636,6.781803476180,LREN3,1250,LREN3
2024-09-25,20540.872712567088,6.781803476180,LREN3,1250,LREN3
2024-09-26,20461.327258021636,6.781803476180,LREN3,1250,LREN3
2024-09-27,20268.145439839813,6.781803476180,LREN3,1250,LREN3
2024-09-30,20529.509076203452,6.781803476180,LREN3,1250,LREN3
2024-10-01,20313.599985294364,6.781803476180,LREN3,1250,LREN3
2024-10-02,20859.054530748908,6.781803476180,LREN3,1250,LREN3
2024-10-03,20415.872712567092,6.781803476180,LREN3,1250,LREN3
2024-10-04,20586.327258021633,6.781803476180,LREN3,1250,LREN3
2024-10-07,20321.649318925727,0.449318925725,QUAL3,10060,QUAL3
2024-10-08,20724.049318925729,0.449318925725,QUAL3,10060,QUAL3
2024-10-09,20724.049318925729,0.449318925725,QUAL3,10060,QUAL3
2024-10-10,20824.649318925723,0.449318925725,QUAL3,10060,QUAL3
2024-10-11,22233.049318925725,0.449318925725,QUAL3,10060,QUAL3
2024-10-14,22534.849318925728,0.449318925725,QUAL3,10060,QUAL3
2024-10-15,22836.649318925727,0.449318925725,QUAL3,10060,QUAL3
2024-10-16,22836.649318925727,0.449318925725,QUAL3,10060,QUAL3
2024-10-17,22132.449318925726,0.449318925725,QUAL3,10060,QUAL3
2024-10-18,21428.249318925726,0.449318925725,QUAL3,10060,QUAL3
2024-10-21,22132.449318925726,0.449318925725,QUAL3,10060,QUAL3
2024-10-22,21428.249318925726,0.449318925725,QUAL3,10060,QUAL3
2024-10-23,21830.649318925727,0.449318925725,QUAL3,10060,QUAL3
2024-10-24,21830.649318925727,0.449318925725,QUAL3,10060,QUAL3
2024-10-25,21428.249318925726,0.449318925725,QUAL3,10060,QUAL3
2024-10-28,22434.249318925726,0.449318925725,QUAL3,10060,QUAL3
2024-10-29,20925.249318925726,0.449318925725,QUAL3,10060,QUAL3
2024-10-30,22836.649318925727,0.449318925725,QUAL3,10060,QUAL3
2024-10-31,22836.649318925727,0.449318925725,QUAL3,10060,QUAL3
2024-11-01,23239.049318925729,0.449318925725,QUAL3,10060,QUAL3
2024-11-04,25653.449318925726,0.449318925725,QUAL3,10060,QUAL3
2024-11-05,26156.449318925726,0.449318925725,QUAL3,10060,QUAL3
2024-11-06,26558.849318925728,0.449318925725,QUAL3,10060,QUAL3
2024-11-07,22736.049318925725,0.449318925725,QUAL3,10060,QUAL3
2024-11-08,22836.649318925727,0.449318925725,QUAL3,10060,QUAL3
2024-11-11,23097.405976337432,4.808661404559,GOAU4,2682,GOAU4
2024-11-12,21930.706808858245,4.808661404559,GOAU4,2682,GOAU4
2024-11-13,22172.092843509112,4.808661404559,GOAU4,2682,GOAU4
2024-11-14,22252.554855059399,4.808661404559,GOAU4,2682,GOAU4
2024-11-18,22345.843470706375,0.883470706375,SUZB3,368,SUZB3
2024-11-19,22228.083470706377,0.883470706375,SUZB3,368,SUZB3
2024-11-21,22371.603470706377,0.883470706375,SUZB3,368,SUZB3
2024-11-22,22338.483470706378,0.883470706375,SUZB3,368,SUZB3
2024-11-25,22044.083470706377,0.883470706375,SUZB3,368,SUZB3
2024-11-26,21823.283470706374,0.883470706375,SUZB3,368,SUZB3
2024-11-27,21985.203470706376,0.883470706375,SUZB3,368,SUZB3
2024-11-28,22643.923470706377,0.883470706375,SUZB3,368,SUZB3
2024-11-29,22964.083470706377,0.883470706375,SUZB3,368,SUZB3
2024-12-02,22853.683470706375,0.883470706375,SUZB3,368,SUZB3
2024-12-03,23332.083470706377,0.883470706375,SUZB3,368,SUZB3
2024-12-04,23939.283470706374,0.883470706375,SUZB3,368,SUZB3
2024-12-05,23957.683470706375,0.883470706375,SUZB3,368,SUZB3
2024-12-06,24079.123470706378,0.883470706375,SUZB3,368,SUZB3
2024-12-09,24528.083470706377,0.883470706375,SUZB3,368,SUZB3
2024-12-10,23777.363470706376,0.883470706375,SUZB3,368,SUZB3
2024-12-11,23589.683470706375,0.883470706375,SUZB3,368,SUZB3
2024-12-12,23184.883470706376,0.883470706375,SUZB3,368,SUZB3
2024-12-13,22971.443470706377,0.883470706375,SUZB3,368,SUZB3
2024-12-16,23505.043470706376,0.883470706375,SUZB3,368,SUZB3
2024-12-17,22875.763470706373,0.883470706375,SUZB3,368,SUZB3
2024-12-18,22673.363470706376,0.883470706375,SUZB3,368,SUZB3
2024-12-19,22338.483470706378,0.883470706375,SUZB3,368,SUZB3
2024-12-20,21941.043470706376,0.883470706375,SUZB3,368,SUZB3
2024-12-23,21827.528916237727,13.330896435751,KLBN11,946,KLBN11
2024-12-26,21893.093272673374,13.330896435751,KLBN11,946,KLBN11
2024-12-27,21752.598223168428,13.330896435751,KLBN11,946,KLBN11
2024-12-30,21743.231886534759,13.330896435751,KLBN11,946,KLBN11
2025-01-02,21584.004163762478,13.330896435751,KLBN11,946,KLBN11
2025-01-03,21246.816044950603,13.330896435751,KLBN11,946,KLBN11
2025-01-06,21370.242973524691,33.982973524692,BBSE3,586,BBSE3
2025-01-07,21440.562973524695,33.982973524692,BBSE3,586,BBSE3
2025-01-08,21311.642973524693,33.982973524692,BBSE3,586,BBSE3
2025-01-09,21294.062973524695,33.982973524692,BBSE3,586,BBSE3
2025-01-10,21212.022973524694,33.982973524692,BBSE3,586,BBSE3
2025-01-13,22126.104058668203,2.304058668200,IRBR3,459,IRBR3
2025-01-14,21630.384058668198,2.304058668200,IRBR3,459,IRBR3
2025-01-15,23434.254058668197,2.304058668200,IRBR3,459,IRBR3
2025-01-16,22998.204058668201,2.304058668200,IRBR3,459,IRBR3
2025-01-17,23966.694058668199,2.304058668200,IRBR3,459,IRBR3
2025-01-20,23824.404058668199,2.304058668200,IRBR3,459,IRBR3
2025-01-21,23273.604058668203,2.304058668200,IRBR3,459,IRBR3
2025-01-22,24049.314058668202,2.304058668200,IRBR3,459,IRBR3
2025-01-23,23305.734058668200,2.304058668200,IRBR3,459,IRBR3
2025-01-24,22768.704058668201,2.304058668200,IRBR3,459,IRBR3
2025-01-27,23227.704058668201,2.304058668200,IRBR3,459,IRBR3
2025-01-28,24104.394058668200,2.304058668200,IRBR3,459,IRBR3
2025-01-29,24122.754058668197,2.304058668200,IRBR3,459,IRBR3
2025-01-30,24994.854058668203,2.304058668200,IRBR3,459,IRBR3
2025-01-31,24283.404058668199,2.304058668200,IRBR3,459,IRBR3
2025-02-03,24158.479895043576,37.939895043575,BBSE3,618,BBSE3
2025-02-04,24133.759895043575,37.939895043575,BBSE3,618,BBSE3
2025-02-05,24306.799895043576,37.939895043575,BBSE3,618,BBSE3
2025-02-06,24591.079895043575,37.939895043575,BBSE3,618,BBSE3
2025-02-07,24325.339895043573,37.939895043575,BBSE3,618,BBSE3
2025-02-10,24541.639895043576,37.939895043575,BBSE3,618,BBSE3
2025-02-11,24170.839895043573,37.939895043575,BBSE3,618,BBSE3
2025-02-12,24214.099895043575,37.939895043575,BBSE3,618,BBSE3
2025-02-13,23824.759895043575,37.939895043575,BBSE3,618,BBSE3
2025-02-14,24065.779895043575,37.939895043575,BBSE3,618,BBSE3
2025-02-17,24301.884020258825,11.604020258827,BBAS3,833,BBAS3
2025-02-18,24543.454020258825,11.604020258827,BBAS3,833,BBAS3
2025-02-19,24051.984020258828,11.604020258827,BBAS3,833,BBAS3
2025-02-20,23335.604020258826,11.604020258827,BBAS3,833,BBAS3
2025-02-21,23318.944020258827,11.604020258827,BBAS3,833,BBAS3
2025-02-24,23343.241240953081,15.141240953079,SANB11,887,SANB11
2025-02-25,23511.771240953076,15.141240953079,SANB11,887,SANB11
2025-02-26,23556.121240953078,15.141240953079,SANB11,887,SANB11
2025-02-27,23316.631240953076,15.141240953079,SANB11,887,SANB11
2025-02-28,22358.671240953081,15.141240953079,SANB11,887,SANB11
2025-03-05,23445.696852321958,4.096852321955,HYPE3,1196,HYPE3
2025-03-06,23529.416852321960,4.096852321955,HYPE3,1196,HYPE3
2025-03-07,23373.936852321956,4.096852321955,HYPE3,1196,HYPE3
2025-03-10,24964.834797835476,2.691940692622,MGLU3,3177,MGLU3
2025-03-11,25116.120512121193,2.691940692622,MGLU3,3177,MGLU3
2025-03-12,25963.320512121190,2.691940692622,MGLU3,3177,MGLU3
2025-03-13,25600.234797835477,2.691940692622,MGLU3,3177,MGLU3
2025-03-14,29049.549083549762,2.691940692622,MGLU3,3177,MGLU3
2025-03-17,29252.114179304052,8.764179304051,ABEV3,2155,ABEV3
2025-03-18,29209.014179304049,8.764179304051,ABEV3,2155,ABEV3
2025-03-19,29489.164179304047,8.764179304051,ABEV3,2155,ABEV3
2025-03-20,29316.764179304049,8.764179304051,ABEV3,2155,ABEV3
2025-03-21,29596.914179304051,8.764179304051,ABEV3,2155,ABEV3
2025-03-24,29187.464179304046,8.764179304051,ABEV3,2155,ABEV3
2025-03-25,29316.764179304049,8.764179304051,ABEV3,2155,ABEV3
2025-03-26,28842.664179304051,8.764179304051,ABEV3,2155,ABEV3
2025-03-27,29015.064179304052,8.764179304051,ABEV3,2155,ABEV3
2025-03-28,28950.414179304047,8.764179304051,ABEV3,2155,ABEV3
2025-03-31,27841.196068003708,1.196068003707,MGLU3,2880,MGLU3
2025-04-01,28664.053210860846,1.196068003707,MGLU3,2880,MGLU3
2025-04-02,30693.767496575136,1.196068003707,MGLU3,2880,MGLU3
2025-04-03,32366.910353718002,1.196068003707,MGLU3,2880,MGLU3
2025-04-04,29706.338925146556,1.196068003707,MGLU3,2880,MGLU3
2025-04-07,28376.440816039423,2.140816039423,EGIE3,1017,EGIE3
2025-04-08,28369.176530325138,2.140816039423,EGIE3,1017,EGIE3
2025-04-09,28957.583673182282,2.140816039423,EGIE3,1017,EGIE3
2025-04-10,28739.655101753713,2.140816039423,EGIE3,1017,EGIE3
2025-04-11,28805.033673182279,2.140816039423,EGIE3,1017,EGIE3
2025-04-14,28857.051546696588,14.978343122394,SBSP3,1372,SBSP3
2025-04-15,28865.033670276913,14.978343122394,SBSP3,1372,SBSP3
2025-04-16,28564.373682084672,14.978343122394,SBSP3,1372,SBSP3
2025-04-17,29019.354726163194,14.978343122394,SBSP3,1372,SBSP3
2025-04-22,29663.132586331711,2.652586331710,JHSF3,6284,JHSF3
2025-04-23,29537.452586331714,2.652586331710,JHSF3,6284,JHSF3
2025-04-24,31988.212586331709,2.652586331710,JHSF3,6284,JHSF3
2025-04-25,31799.692586331708,2.652586331710,JHSF3,6284,JHSF3
2025-04-28,31033.653607984859,5.082179413432,MGLU3,3258,MGLU3
2025-04-29,30971.596465127717,5.082179413432,MGLU3,3258,MGLU3
2025-04-30,28923.710750842005,5.082179413432,MGLU3,3258,MGLU3
2025-05-02,28954.739322270576,5.082179413432,MGLU3,3258,MGLU3
2025-05-05,28815.814160905335,38.959428137714,RENT3,694,RENT3
2025-05-06,28107.419687688103,38.959428137714,RENT3,694,RENT3
2025-05-07,28167.566388244286,38.959428137714,RENT3,694,RENT3
2025-05-08,29377.183366096338,38.959428137714,RENT3,694,RENT3
2025-05-09,27439.123014841669,38.959428137714,RENT3,694,RENT3
2025-05-12,27773.271351264888,38.959428137714,RENT3,694,RENT3
2025-05-13,27933.662552748032,38.959428137714,RENT3,694,RENT3
2025-05-14,26577.020306869763,38.959428137714,RENT3,694,RENT3
2025-05-15,27272.048846630059,38.959428137714,RENT3,694,RENT3
2025-05-16,28000.492220032680,38.959428137714,RENT3,694,RENT3
2025-05-19,28824.226591847280,4.246591847283,LREN3,1602,LREN3
2025-05-20,29320.846591847287,4.246591847283,LREN3,1602,LREN3
2025-05-21,28215.466591847282,4.246591847283,LREN3,1602,LREN3
2025-05-22,28311.586591847288,4.246591847283,LREN3,1602,LREN3
2025-05-23,28199.446591847285,4.246591847283,LREN3,1602,LREN3
2025-05-26,28423.726591847280,4.246591847283,LREN3,1602,LREN3
2025-05-27,28760.146591847282,4.246591847283,LREN3,1602,LREN3
2025-05-28,29112.586591847288,4.246591847283,LREN3,1602,LREN3
2025-05-29,28776.166591847286,4.246591847283,LREN3,1602,LREN3
2025-05-30,29096.566591847284,4.246591847283,LREN3,1602,LREN3
2025-06-02,29061.029651208781,5.179651208783,JHSF3,5431,JHSF3
2025-06-03,29115.339651208786,5.179651208783,JHSF3,5431,JHSF3
2025-06-04,28789.479651208781,5.179651208783,JHSF3,5431,JHSF3
2025-06-05,28735.169651208784,5.179651208783,JHSF3,5431,JHSF3
2025-06-06,28463.619651208784,5.179651208783,JHSF3,5431,JHSF3
2025-06-09,28772.375143299916,5.255143299914,LREN3,1608,LREN3
2025-06-10,29447.735143299913,5.255143299914,LREN3,1608,LREN3
2025-06-11,29705.015143299912,5.255143299914,LREN3,1608,LREN3
2025-06-12,29656.775143299914,5.255143299914,LREN3,1608,LREN3
2025-06-13,29528.135143299911,5.255143299914,LREN3,1608,LREN3
2025-06-16,30267.815143299915,5.255143299914,LREN3,1608,LREN3
2025-06-17,29994.455143299911,5.255143299914,LREN3,1608,LREN3
2025-06-18,30107.015143299912,5.255143299914,LREN3,1608,LREN3
2025-06-20,29849.735143299913,5.255143299914,LREN3,1608,LREN3
2025-06-23,30573.335143299915,5.255143299914,LREN3,1608,LREN3
2025-06-24,31023.575143299913,5.255143299914,LREN3,1608,LREN3
2025-06-25,30541.175143299912,5.255143299914,LREN3,1608,LREN3
2025-06-26,31409.495143299915,5.255143299914,LREN3,1608,LREN3
2025-06-27,31457.735143299913,5.255143299914,LREN3,1608,LREN3
2025-06-30,31931.510102118413,10.450102118410,HYPE3,1174,HYPE3
2025-07-01,32541.990102118412,10.450102118410,HYPE3,1174,HYPE3
2025-07-02,32236.750102118411,10.450102118410,HYPE3,1174,HYPE3
2025-07-03,32295.450102118411,10.450102118410,HYPE3,1174,HYPE3
2025-07-04,32530.250102118411,10.450102118410,HYPE3,1174,HYPE3
2025-07-07,31864.564727326037,1.684727326039,PRIO3,763,PRIO3
2025-07-08,32871.724727326044,1.684727326039,PRIO3,763,PRIO3
2025-07-09,32482.594727326039,1.684727326039,PRIO3,763,PRIO3
2025-07-10,31895.084727326037,1.684727326039,PRIO3,763,PRIO3
2025-07-11,32597.044727326040,1.684727326039,PRIO3,763,PRIO3
2025-07-14,32110.204513960423,2.284513960421,CMIG4,3012,CMIG4
2025-07-15,31989.724513960420,2.284513960421,CMIG4,3012,CMIG4
2025-07-16,31688.524513960419,2.284513960421,CMIG4,3012,CMIG4
2025-07-17,31507.804513960426,2.284513960421,CMIG4,3012,CMIG4
2025-07-18,31266.844513960423,2.284513960421,CMIG4,3012,CMIG4
2025-07-21,30525.746282303422,13.556282303423,WEGE3,727,WEGE3
2025-07-22,30053.196282303423,13.556282303423,WEGE3,727,WEGE3
2025-07-23,27646.826282303420,13.556282303423,WEGE3,727,WEGE3
2025-07-24,26352.766282303422,13.556282303423,WEGE3,727,WEGE3
2025-07-25,26309.146282303424,13.556282303423,WEGE3,727,WEGE3
2025-07-28,26079.768657447679,8.408657447678,FLRY3,1808,FLRY3
2025-07-29,26097.848657447677,8.408657447678,FLRY3,1808,FLRY3
2025-07-30,26296.728657447678,8.408657447678,FLRY3,1808,FLRY3
2025-07-31,25953.208657447678,8.408657447678,FLRY3,1808,FLRY3
2025-08-01,25754.328657447681,8.408657447678,FLRY3,1808,FLRY3
2025-08-04,25862.808657447680,8.408657447678,FLRY3,1808,FLRY3
2025-08-05,25754.328657447681,8.408657447678,FLRY3,1808,FLRY3
2025-08-06,26369.048657447678,8.408657447678,FLRY3,1808,FLRY3
2025-08-07,26314.808657447680,8.408657447678,FLRY3,1808,FLRY3
2025-08-08,25953.208657447678,8.408657447678,FLRY3,1808,FLRY3
2025-08-11,25761.701015627306,3.701015627308,MRVE3,3975,MRVE3
2025-08-12,25801.451015627306,3.701015627308,MRVE3,3975,MRVE3
2025-08-13,27510.701015627306,3.701015627308,MRVE3,3975,MRVE3
2025-08-14,28504.451015627306,3.701015627308,MRVE3,3975,MRVE3
2025-08-15,28464.701015627306,3.701015627308,MRVE3,3975,MRVE3
2025-08-18,28172.972803802004,13.462999880439,RADL3,1646,RADL3
2025-08-19,28011.600254782403,13.462999880439,RADL3,1646,RADL3
2025-08-20,28899.149274390238,13.462999880439,RADL3,1646,RADL3
2025-08-21,29480.090450860829,13.462999880439,RADL3,1646,RADL3
2025-08-22,30141.717901841224,13.462999880439,RADL3,1646,RADL3
2025-08-25,29238.031627331417,13.462999880439,RADL3,1646,RADL3
2025-08-26,29221.894372429459,13.462999880439,RADL3,1646,RADL3
2025-08-27,30061.031627331424,13.462999880439,RADL3,1646,RADL3
2025-08-28,30432.188490076514,13.462999880439,RADL3,1646,RADL3
2025-08-29,28334.345352821616,13.462999880439,RADL3,1646,RADL3
2025-09-01,28495.341785194531,1.421785194530,UGPA3,1442,UGPA3
2025-09-02,28351.141785194530,1.421785194530,UGPA3,1442,UGPA3
2025-09-03,28365.561785194532,1.421785194530,UGPA3,1442,UGPA3
2025-09-04,28466.501785194527,1.421785194530,UGPA3,1442,UGPA3
2025-09-05,30341.101785194529,1.421785194530,UGPA3,1442,UGPA3
2025-09-08,30404.030847089409,5.960847089406,MRVE3,3739,MRVE3
2025-09-09,30179.690847089405,5.960847089406,MRVE3,3739,MRVE3
2025-09-10,28721.480847089406,5.960847089406,MRVE3,3739,MRVE3
2025-09-11,28871.040847089404,5.960847089406,MRVE3,3739,MRVE3
2025-09-12,28272.800847089406,5.960847089406,MRVE3,3739,MRVE3
2025-09-15,28347.580847089404,5.960847089406,MRVE3,3739,MRVE3
2025-09-16,28422.360847089403,5.960847089406,MRVE3,3739,MRVE3
2025-09-17,29207.550847089406,5.960847089406,MRVE3,3739,MRVE3
2025-09-18,28908.430847089407,5.960847089406,MRVE3,3739,MRVE3
2025-09-19,29544.060847089408,5.960847089406,MRVE3,3739,MRVE3
2025-09-22,28990.708334579431,1.451191722284,MGLU3,2808,MGLU3
2025-09-23,29418.594048865143,1.451191722284,MGLU3,2808,MGLU3
2025-09-24,29097.679763150856,1.451191722284,MGLU3,2808,MGLU3
2025-09-25,29472.079763150847,1.451191722284,MGLU3,2808,MGLU3
2025-09-26,29926.708334579427,1.451191722284,MGLU3,2808,MGLU3
2025-09-29,30887.673156426303,2.123156426308,QUAL3,12305,QUAL3
2025-09-30,31133.773156426305,2.123156426308,QUAL3,12305,QUAL3
2025-10-01,30518.523156426309,2.123156426308,QUAL3,12305,QUAL3
2025-10-02,29534.123156426307,2.123156426308,QUAL3,12305,QUAL3
2025-10-03,28672.773156426309,2.123156426308,QUAL3,12305,QUAL3
2025-10-06,28297.547585287059,6.667585287061,CSMG3,838,CSMG3
2025-10-07,28138.327585287061,6.667585287061,CSMG3,838,CSMG3
2025-10-08,27836.647585287061,6.667585287061,CSMG3,838,CSMG3
2025-10-09,27970.727585287059,6.667585287061,CSMG3,838,CSMG3
2025-10-10,28138.327585287061,6.667585287061,CSMG3,838,CSMG3
2025-10-13,28613.034253476570,1.774253476569,QUAL3,12494,QUAL3
2025-10-14,28488.094253476564,1.774253476569,QUAL3,12494,QUAL3
2025-10-15,29487.614253476568,1.774253476569,QUAL3,12494,QUAL3
2025-10-16,29737.494253476565,1.774253476569,QUAL3,12494,QUAL3
2025-10-17,31111.834253476569,1.774253476569,QUAL3,12494,QUAL3
2025-10-20,31111.834253476569,1.774253476569,QUAL3,12494,QUAL3
2025-10-21,31611.594253476564,1.774253476569,QUAL3,12494,QUAL3
2025-10-22,30612.074253476570,1.774253476569,QUAL3,12494,QUAL3
2025-10-23,32486.174253476569,1.774253476569,QUAL3,12494,QUAL3
2025-10-24,33110.874253476570,1.774253476569,QUAL3,12494,QUAL3
2025-10-27,33610.634253476572,1.774253476569,QUAL3,12494,QUAL3
2025-10-28,33985.454253476571,1.774253476569,QUAL3,12494,QUAL3
2025-10-29,33485.694253476577,1.774253476569,QUAL3,12494,QUAL3
2025-10-30,33735.574253476574,1.774253476569,QUAL3,12494,QUAL3
2025-10-31,33860.514253476569,1.774253476569,QUAL3,12494,QUAL3
2025-11-03,32860.994253476572,1.774253476569,QUAL3,12494,QUAL3
2025-11-04,33110.874253476570,1.774253476569,QUAL3,12494,QUAL3
2025-11-05,31736.534253476570,1.774253476569,QUAL3,12494,QUAL3
2025-11-06,31611.594253476564,1.774253476569,QUAL3,12494,QUAL3
2025-11-07,30861.954253476571,1.774253476569,QUAL3,12494,QUAL3
2025-11-10,31303.091837976826,36.991837976825,CSMG3,830,CSMG3
2025-11-11,31485.691837976825,36.991837976825,CSMG3,830,CSMG3
2025-11-12,31809.391837976826,36.991837976825,CSMG3,830,CSMG3
2025-11-13,32074.991837976824,36.991837976825,CSMG3,830,CSMG3
2025-11-14,32697.491837976824,36.991837976825,CSMG3,830,CSMG3
2025-11-17,33061.465283506041,5.102538408003,RADL3,1459,RADL3
2025-11-18,33833.877048211922,5.102538408003,RADL3,1459,RADL3
2025-11-19,33190.200577623691,5.102538408003,RADL3,1459,RADL3
2025-11-21,32732.475087427607,5.102538408003,RADL3,1459,RADL3
2025-11-24,32407.802151374915,15.302151374916,WEGE3,750,WEGE3
2025-11-25,32235.302151374915,15.302151374916,WEGE3,750,WEGE3
2025-11-26,33315.302151374919,15.302151374916,WEGE3,750,WEGE3
2025-11-27,33052.802151374919,15.302151374916,WEGE3,750,WEGE3
2025-11-28,33202.802151374919,15.302151374916,WEGE3,750,WEGE3
2025-12-01,34400.217104888427,13.137104888423,CSMG3,804,CSMG3
2025-12-02,35075.577104888427,13.137104888423,CSMG3,804,CSMG3
2025-12-03,34544.937104888428,13.137104888423,CSMG3,804,CSMG3
2025-12-04,34496.697104888422,13.137104888423,CSMG3,804,CSMG3
2025-12-05,33580.137104888425,13.137104888423,CSMG3,804,CSMG3
2025-12-08,33660.386298592552,20.856886827843,RADL3,1472,RADL3
2025-12-09,34122.190220161174,20.856886827843,RADL3,1472,RADL3
2025-12-10,34511.837278984705,20.856886827843,RADL3,1472,RADL3
2025-12-11,35623.052965259216,20.856886827843,RADL3,1472,RADL3
2025-12-12,36099.288259376859,20.856886827843,RADL3,1472,RADL3
2025-12-15,36440.786300379303,2.786300379302,USIM5,6073,USIM5
2025-12-16,36319.326300379304,2.786300379302,USIM5,6073,USIM5
2025-12-17,36197.866300379304,2.786300379302,USIM5,6073,USIM5
2025-12-18,35954.946300379299,2.786300379302,USIM5,6073,USIM5
2025-12-19,35590.566300379302,2.786300379302,USIM5,6073,USIM5
2025-12-22,35712.026300379301,2.786300379302,USIM5,6073,USIM5
2025-12-23,35833.486300379307,2.786300379302,USIM5,6073,USIM5
2025-12-26,35954.946300379299,2.786300379302,USIM5,6073,USIM5
2025-12-29,35160.496499856687,5.206499856686,JHSF3,4467,JHSF3
2025-12-30,35428.516499856683,5.206499856686,JHSF3,4467,JHSF3
2026-01-02,35026.486499856685,5.206499856686,JHSF3,4467,JHSF3
2026-01-05,35160.496499856687,5.206499856686,JHSF3,4467,JHSF3
2026-01-06,35383.846499856685,5.206499856686,JHSF3,4467,JHSF3
2026-01-07,35294.506499856689,5.206499856686,JHSF3,4467,JHSF3
2026-01-08,35964.556499856692,5.206499856686,JHSF3,4467,JHSF3
2026-01-09,36545.266499856683,5.206499856686,JHSF3,4467,JHSF3
2026-01-12,37528.006499856689,5.206499856686,JHSF3,4467,JHSF3
2026-01-13,37259.986499856685,5.206499856686,JHSF3,4467,JHSF3
2026-01-14,36991.966499856680,5.206499856686,JHSF3,4467,JHSF3
2026-01-15,37885.366499856689,5.206499856686,JHSF3,4467,JHSF3
2026-01-16,37662.016499856683,5.206499856686,JHSF3,4467,JHSF3
2026-01-19,38287.396499856688,5.206499856686,JHSF3,4467,JHSF3
2026-01-20,39180.796499856682,5.206499856686,JHSF3,4467,JHSF3
2026-01-21,40431.556499856692,5.206499856686,JHSF3,4467,JHSF3
2026-01-22,40565.566499856686,5.206499856686,JHSF3,4467,JHSF3
2026-01-23,42397.036499856687,5.206499856686,JHSF3,4467,JHSF3
2026-01-26,42461.162047197060,4.182047197063,BRKM5,4418,BRKM5
2026-01-27,43963.282047197063,4.182047197063,BRKM5,4418,BRKM5
2026-01-28,42902.962047197070,4.182047197063,BRKM5,4418,BRKM5
2026-01-29,42019.362047197064,4.182047197063,BRKM5,4418,BRKM5
2026-01-30,40738.142047197070,4.182047197063,BRKM5,4418,BRKM5
2026-02-02,41518.263774923937,2.163774923936,JHSF3,4245,JHSF3
2026-02-03,42239.913774923938,2.163774923936,JHSF3,4245,JHSF3
2026-02-04,40244.763774923937,2.163774923936,JHSF3,4245,JHSF3
2026-02-05,41348.463774923941,2.163774923936,JHSF3,4245,JHSF3
2026-02-06,41390.913774923938,2.163774923936,JHSF3,4245,JHSF3
2026-02-09,42728.780293295822,30.800293295821,CSMG3,771,CSMG3
2026-02-10,43029.470293295824,30.800293295821,CSMG3,771,CSMG3
2026-02-11,44085.740293295821,30.800293295821,CSMG3,771,CSMG3
2026-02-12,43561.460293295822,30.800293295821,CSMG3,771,CSMG3
2026-02-13,43060.310293295821,30.800293295821,CSMG3,771,CSMG3
2026-02-18,45131.793101674077,4.053101674073,BRKM5,4638,BRKM5
2026-02-19,46198.533101674075,4.053101674073,BRKM5,4638,BRKM5
2026-02-20,45641.973101674070,4.053101674073,BRKM5,4638,BRKM5
2026-02-23,44885.070176088317,14.670176088315,UGPA3,1640,UGPA3
2026-02-24,45327.870176088312,14.670176088315,UGPA3,1640,UGPA3
2026-02-25,43884.670176088315,14.670176088315,UGPA3,1640,UGPA3
2026-02-26,43802.670176088315,14.670176088315,UGPA3,1640,UGPA3
2026-02-27,42326.670176088315,14.670176088315,UGPA3,1640,UGPA3
2026-03-02,41470.172992793319,11.132992793319,PETR4,1008,PETR4
2026-03-03,41288.732992793324,11.132992793319,PETR4,1008,PETR4
2026-03-04,40835.132992793318,11.132992793319,PETR4,1008,PETR4
2026-03-05,41026.652992793315,11.132992793319,PETR4,1008,PETR4
2026-03-06,42458.012992793316,11.132992793319,PETR4,1008,PETR4
2026-03-09,42144.939885018939,56.439885018940,PRIO3,705,PRIO3
2026-03-10,41580.939885018939,56.439885018940,PRIO3,705,PRIO3
2026-03-11,41898.189885018939,56.439885018940,PRIO3,705,PRIO3
2026-03-12,42003.939885018939,56.439885018940,PRIO3,705,PRIO3
2026-03-13,40805.439885018939,56.439885018940,PRIO3,705,PRIO3
2026-03-16,41531.720325719944,8.340325719943,PETR4,911,PETR4
2026-03-17,42260.520325719946,8.340325719943,PETR4,911,PETR4
2026-03-18,42825.340325719946,8.340325719943,PETR4,911,PETR4
2026-03-19,42624.920325719948,8.340325719943,PETR4,911,PETR4
2026-03-20,41613.710325719949,8.340325719943,PETR4,911,PETR4
2026-03-23,41601.513559272200,46.713559272205,PRIO3,630,PRIO3
2026-03-24,42653.613559272198,46.713559272205,PRIO3,630,PRIO3
2026-03-25,42433.113559272206,46.713559272205,PRIO3,630,PRIO3
2026-03-26,43365.513559272207,46.713559272205,PRIO3,630,PRIO3
2026-03-27,44663.313559272203,46.713559272205,PRIO3,630,PRIO3
2026-03-30,44020.927206191584,13.327206191583,RAIL3,2821,RAIL3
2026-03-31,45854.577206191585,13.327206191583,RAIL3,2821,RAIL3
2026-04-01,45657.107206191584,13.327206191583,RAIL3,2821,RAIL3
2026-04-02,45431.427206191591,13.327206191583,RAIL3,2821,RAIL3
2026-04-06,49378.878711115460,4.128711115456,JHSF3,4593,JHSF3
2026-04-07,52731.768711115459,4.128711115456,JHSF3,4593,JHSF3
2026-04-08,54706.758711115457,4.128711115456,JHSF3,4593,JHSF3
2026-04-09,57646.278711115461,4.128711115456,JHSF3,4593,JHSF3
2026-04-10,57600.348711115454,4.128711115456,JHSF3,4593,JHSF3
2026-04-13,57967.788711115456,4.128711115456,JHSF3,4593,JHSF3
2026-04-14,59988.708711115461,4.128711115456,JHSF3,4593,JHSF3
2026-04-15,60402.078711115464,4.128711115456,JHSF3,4593,JHSF3
2026-04-16,60907.308711115460,4.128711115456,JHSF3,4593,JHSF3
2026-04-17,63479.388711115462,4.128711115456,JHSF3,4593,JHSF3
2026-04-20,64765.428711115455,4.128711115456,JHSF3,4593,JHSF3
2026-04-22,65178.798711115458,4.128711115456,JHSF3,4593,JHSF3
2026-04-23,62606.718711115464,4.128711115456,JHSF3,4593,JHSF3
2026-04-24,61688.118711115458,4.128711115456,JHSF3,4593,JHSF3
2026-04-27,65925.898096968594,0.038096968590,USIM5,8099,USIM5
2026-04-28,66168.868096968596,0.038096968590,USIM5,8099,USIM5
2026-04-29,64792.038096968594,0.038096968590,USIM5,8099,USIM5
2026-04-30,67140.748096968586,0.038096968590,USIM5,8099,USIM5
2026-05-04,66654.808096968598,0.038096968590,USIM5,8099,USIM5
2026-05-05,70056.388096968600,0.038096968590,USIM5,8099,USIM5
2026-05-06,70785.298096968589,0.038096968590,USIM5,8099,USIM5
2026-05-07,71352.228096968596,0.038096968590,USIM5,8099,USIM5
2026-05-08,72810.048096968589,0.038096968590,USIM5,8099,USIM5
2026-05-11,73457.968096968601,0.038096968590,USIM5,8099,USIM5
2026-05-12,72648.068096968593,0.038096968590,USIM5,8099,USIM5
2026-05-13,74186.878096968590,0.038096968590,USIM5,8099,USIM5
2026-05-14,80099.148096968594,0.038096968590,USIM5,8099,USIM5
2026-05-15,73862.918096968584,0.038096968590,USIM5,8099,USIM5
2026-05-18,73134.008096968595,0.038096968590,USIM5,8099,USIM5
2026-05-19,73943.908096968604,0.038096968590,USIM5,8099,USIM5
2026-05-20,77831.428096968593,0.038096968590,USIM5,8099,USIM5
2026-05-21,79370.238096968606,0.038096968590,USIM5,8099,USIM5
2026-05-22,83824.688096968588,0.038096968590,USIM5,8099,USIM5
2026-05-25,81152.018096968590,0.038096968590,USIM5,8099,USIM5
2026-05-26,78236.378096968590,0.038096968590,USIM5,8099,USIM5
2026-05-27,82852.808096968598,0.038096968590,USIM5,8099,USIM5
2026-05-28,86254.388096968600,0.038096968590,USIM5,8099,USIM5
2026-05-29,89736.958096968592,0.038096968590,USIM5,8099,USIM5
2026-06-01,89069.392273863457,2.362273863464,ABEV3,5421,ABEV3
2026-06-02,89177.812273863456,2.362273863464,ABEV3,5421,ABEV3
2026-06-03,87117.832273863460,2.362273863464,ABEV3,5421,ABEV3
2026-06-05,87659.932273863466,2.362273863464,ABEV3,5421,ABEV3
2026-06-08,88658.888116145084,24.118116145101,BBSE3,2471,BBSE3
2026-06-09,89597.868116145095,24.118116145101,BBSE3,2471,BBSE3
2026-06-10,90536.848116145105,24.118116145101,BBSE3,2471,BBSE3
2026-06-11,93427.918116145083,24.118116145101,BBSE3,2471,BBSE3
2026-06-12,93600.888116145084,24.118116145101,BBSE3,2471,BBSE3
2026-06-15,93821.062133816216,93821.062133816216,CASH,0,CASH
2026-06-16,93821.062133816216,93821.062133816216,CASH,0,CASH
2026-06-17,93821.062133816216,93821.062133816216,CASH,0,CASH
2026-06-18,93821.062133816216,93821.062133816216,CASH,0,CASH
2026-06-19,93821.062133816216,93821.062133816216,CASH,0,CASH
2026-06-22,93821.062133816216,93821.062133816216,CASH,0,CASH
2026-06-23,93821.062133816216,93821.062133816216,CASH,0,CASH
2026-06-24,93821.062133816216,93821.062133816216,CASH,0,CASH
2026-06-25,93821.062133816216,93821.062133816216,CASH,0,CASH
2026-06-26,93821.062133816216,93821.062133816216,CASH,0,CASH
2026-06-29,93821.062133816216,93821.062133816216,CASH,0,CASH
2026-06-30,93821.062133816216,93821.062133816216,CASH,0,CASH
2026-07-01,93821.062133816216,93821.062133816216,CASH,0,CASH
2026-07-02,93821.062133816216,93821.062133816216,CASH,0,CASH
2026-07-03,93821.062133816216,93821.062133816216,CASH,0,CASH
2026-07-06,93821.062133816216,93821.062133816216,CASH,0,CASH
2026-07-07,93821.062133816216,93821.062133816216,CASH,0,CASH
2026-07-08,93821.062133816216,93821.062133816216,CASH,0,CASH
2026-07-09,93821.062133816216,93821.062133816216,CASH,0,CASH
2026-07-10,93821.062133816216,93821.062133816216,CASH,0,CASH
2026-07-13,91864.478717830483,14.258717830486,CSMG3,1386,CSMG3
2026-07-14,91628.858717830473,14.258717830486,CSMG3,1386,CSMG3
2026-07-15,90603.218717830488,14.258717830486,CSMG3,1386,CSMG3
2026-07-16,88801.418717830486,14.258717830486,CSMG3,1386,CSMG3
2026-07-17,88108.418717830486,14.258717830486,CSMG3,1386,CSMG3
2026-07-20,88496.498717830487,14.258717830486,CSMG3,1386,CSMG3
2026-07-21,87554.018717830477,14.258717830486,CSMG3,1386,CSMG3
2026-07-22,88718.258717830482,14.258717830486,CSMG3,1386,CSMG3
2026-07-23,88648.958717830479,14.258717830486,CSMG3,1386,CSMG3
2026-07-24,85904.678717830480,14.258717830486,CSMG3,1386,CSMG3
2026-07-27,87900.518717830477,14.258717830486,CSMG3,1386,CSMG3
2026-07-28,89258.798717830476,14.258717830486,CSMG3,1386,CSMG3
2026-07-29,85696.778717830486,14.258717830486,CSMG3,1386,CSMG3
2026-07-30,88025.258717830482,14.258717830486,CSMG3,1386,CSMG3
2026-07-31,88953.878717830477,14.258717830486,CSMG3,1386,CSMG3
2026-08-03,89064.758717830482,14.258717830486,CSMG3,1386,CSMG3
2026-08-04,88593.518717830477,14.258717830486,CSMG3,1386,CSMG3
2026-08-05,88316.318717830480,14.258717830486,CSMG3,1386,CSMG3
2026-08-06,87817.358717830488,14.258717830486,CSMG3,1386,CSMG3
2026-08-07,85863.098717830479,14.258717830486,CSMG3,1386,CSMG3
2026-08-10,85270.560408652498,15.960408652490,FLRY3,4530,FLRY3
2026-08-11,84228.660408652489,15.960408652490,FLRY3,4530,FLRY3
2026-08-12,82688.460408652492,15.960408652490,FLRY3,4530,FLRY3
2026-08-13,83005.560408652498,15.960408652490,FLRY3,4530,FLRY3
2026-08-14,82597.860408652501,15.960408652490,FLRY3,4530,FLRY3
2026-08-17,86009.398308055635,5.138308055640,UGPA3,2543,UGPA3
2026-08-18,84610.748308055656,5.138308055640,UGPA3,2543,UGPA3
2026-08-19,86314.558308055639,5.138308055640,UGPA3,2543,UGPA3
2026-08-20,87280.898308055635,5.138308055640,UGPA3,2543,UGPA3
2026-08-21,87942.078308055643,5.138308055640,UGPA3,2543,UGPA3
2026-08-24,88298.098308055633,5.138308055640,UGPA3,2543,UGPA3
2026-08-25,85500.798308055630,5.138308055640,UGPA3,2543,UGPA3
2026-08-26,85093.918308055639,5.138308055640,UGPA3,2543,UGPA3
2026-08-27,84356.448308055638,5.138308055640,UGPA3,2543,UGPA3
2026-08-28,85526.228308055652,5.138308055640,UGPA3,2543,UGPA3
2026-08-31,89325.705628743890,17.865628743895,FLRY3,4538,FLRY3
2026-09-01,87192.845628743904,17.865628743895,FLRY3,4538,FLRY3
2026-09-02,89280.325628743900,17.865628743895,FLRY3,4538,FLRY3
2026-09-03,91231.665628743896,17.865628743895,FLRY3,4538,FLRY3
